Employee_Name,EmpID,Sex,GenderID,MaritalDesc,MarriedID,MaritalStatusID,DOB,State,Zip,CitizenDesc,RaceDesc,DateofHire,DateofTermination,TermReason,EmploymentStatus,EmpStatusID,Department,DeptID,Salary,PositionID,Position,ManagerName,ManagerID,RecruitmentSource,LastPerformanceReview_Date,PerformanceScore,PerfScoreID,EngagementSurvey,EmpSatisfaction,SpecialProjectsCount,DaysLateLast30,Absences
"Le, Binh",10232,F,0,Single,0,0,06/14/87,MA,1886,US Citizen,Asian,10/02/2016,,N/A-StillEmployed,Active,1,IT/IS,3,81584,22,Senior BI Developer,Brian Champaigne,13,Indeed,01/08/2019,Fully Meets,3,4.1,5,7,0,2
"Martin, Sandra",10110,F,0,Single,0,0,11/07/1987,MA,2135,US Citizen,Asian,11/11/2013,,N/A-StillEmployed,Active,1,Software Engineering,4,105688,24,Software Engineer,Alex Sweetwater,10,Google Search,1/14/2019,Fully Meets,3,4.5,5,4,0,14
"Myers, Michael",10216,M ,1,Single,0,0,04/18/80,MA,1550,US Citizen,Asian,07/08/2013,,N/A-StillEmployed,Active,1,Production       ,5,57575,19,Production Technician I,Kissy Sullivan,20,LinkedIn,1/22/2019,Fully Meets,3,4.1,4,0,0,13
"Navathe, Kurt",10079,M ,1,Single,0,0,04/25/70,MA,2056,US Citizen,Asian,02/10/2017,,N/A-StillEmployed,Active,1,IT/IS,3,87921,22,Senior BI Developer,Brian Champaigne,13,Indeed,2/25/2019,Fully Meets,3,5,3,6,0,17
"Sutwell, Barbara",10209,F,0,Single,0,0,08/15/68,MA,2718,Eligible NonCitizen,Asian,5/14/2012,,N/A-StillEmployed,Active,1,Production       ,5,59238,19,Production Technician I,Elijiah Gray,16,Indeed,1/31/2019,Fully Meets,3,3.4,5,0,0,13
"Villanueva, Noah",10253,M ,1,Single,0,0,07/11/1989,ME,4063,US Citizen,Asian,03/05/2012,,N/A-StillEmployed,Active,1,Sales,6,55875,3,Area Sales Manager,John Smith,17,Website,1/18/2019,Fully Meets,3,4.5,4,0,0,11
"Wang, Charlie",10172,M ,1,Single,0,0,07/08/1981,MA,1887,US Citizen,Asian,2/15/2017,,N/A-StillEmployed,Active,1,IT/IS,3,84903,22,Senior BI Developer,Brian Champaigne,13,Indeed,01/04/2019,Fully Meets,3,3.42,4,7,0,17
"Burke, Joelle",10107,F,0,Single,0,0,03/02/1980,MA,2148,US Citizen,Black or African American,03/05/2012,,N/A-StillEmployed,Active,1,Production       ,5,63763,20,Production Technician II,Amy Dunn,11,Employee Referral,2/21/2019,Fully Meets,3,4.51,4,0,0,3
"Carey, Michael  ",10115,M ,1,Single,0,0,02/02/1983,MA,1701,US Citizen,Black or African American,3/31/2014,,N/A-StillEmployed,Active,1,Production       ,5,52846,19,Production Technician I,Kelley Spirea,18,LinkedIn,02/01/2019,Fully Meets,3,4.43,3,0,0,14
"Carthy, B'rigit",10076,F,0,Single,0,0,05/21/87,MA,2149,US Citizen,Black or African American,3/30/2015,,N/A-StillEmployed,Active,1,Production       ,5,55315,20,Production Technician II,Ketsia Liebig,19,LinkedIn,02/07/2019,Fully Meets,3,5,5,0,0,16
"Chigurh, Anton",10200,M ,1,Single,0,0,06/11/1970,TX,78207,Eligible NonCitizen,Black or African American,5/14/2012,,N/A-StillEmployed,Active,1,Sales,6,66808,3,Area Sales Manager,Lynn Daneault,21,Employee Referral,1/19/2019,Fully Meets,3,3,5,0,0,17
"Cierpiszewski, Caroline  ",10168,F,0,Single,0,0,05/31/88,MA,2044,Non-Citizen,Black or African American,10/03/2011,,N/A-StillEmployed,Active,1,Production       ,5,64816,19,Production Technician I,Ketsia Liebig,19,Indeed,1/30/2019,Fully Meets,3,3.58,5,0,0,3
"Corleone, Vito",10019,M ,1,Single,0,0,03/19/83,MA,2030,US Citizen,Black or African American,01/05/2009,,N/A-StillEmployed,Active,1,Production       ,5,170500,10,Director of Operations,Janet King,2,Indeed,02/04/2019,Exceeds,4,3.7,5,0,0,15
"Del Bosque, Keyla",10155,F,0,Single,0,0,07/05/1979,MA,2176,US Citizen,Black or African American,01/09/2012,,N/A-StillEmployed,Active,1,Software Engineering,4,101199,24,Software Engineer,Alex Sweetwater,10,CareerBuilder,1/25/2019,Fully Meets,3,3.79,5,5,0,8
"Dougall, Eric",10028,M ,1,Single,0,0,07/09/1970,MA,1886,US Citizen,Black or African American,01/05/2014,,N/A-StillEmployed,Active,1,IT/IS,3,138888,13,IT Manager - Support,Jennifer Zamora,5,Indeed,01/04/2019,Exceeds,4,4.3,5,5,0,4
"Fancett, Nicole",10136,F,0,Single,0,0,09/27/87,MA,2324,US Citizen,Black or African American,2/17/2014,,N/A-StillEmployed,Active,1,Production       ,5,65902,20,Production Technician II,Webster Butler,,LinkedIn,01/07/2019,Fully Meets,3,4,4,0,0,7
"Foss, Jason",10015,M ,1,Single,0,0,07/05/1980,MA,1460,US Citizen,Black or African American,4/15/2011,,N/A-StillEmployed,Active,1,IT/IS,3,178000,12,IT Director,Jennifer Zamora,5,Indeed,01/07/2019,Exceeds,4,5,5,5,0,15
"Fraval, Maruk ",10258,M ,1,Single,0,0,08/28/63,CT,6050,US Citizen,Black or African American,09/06/2011,,N/A-StillEmployed,Active,1,Sales,6,67251,3,Area Sales Manager,Lynn Daneault,21,CareerBuilder,1/27/2019,Fully Meets,3,4.3,3,0,2,7
"Gaul, Barbara",10257,F,0,Single,0,0,12/02/1983,MA,2121,US Citizen,Hispanic,5/16/2011,,N/A-StillEmployed,Active,1,Production       ,5,53171,19,Production Technician I,Kelley Spirea,18,LinkedIn,2/26/2019,Fully Meets,3,4.2,4,0,0,12
"Jackson, Maryellen",10227,F,0,Single,0,0,09/11/1972,MA,2081,US Citizen,Black or African American,11/05/2012,,N/A-StillEmployed,Active,1,Production       ,5,61242,19,Production Technician I,David Stanley,14,LinkedIn,1/17/2019,Fully Meets,3,4.1,3,0,0,7
"Knapp, Bradley  J",10208,M ,1,Single,0,0,11/10/1977,MA,1721,US Citizen,Black or African American,2/17/2014,,N/A-StillEmployed,Active,1,Production       ,5,46654,19,Production Technician I,Ketsia Liebig,19,LinkedIn,02/06/2019,Fully Meets,3,3.1,3,0,0,3
"Kreuger, Freddy",10165,M ,1,Single,0,0,02/24/69,NY,10171,US Citizen,Hispanic,03/07/2011,,N/A-StillEmployed,Active,1,Sales,6,71339,3,Area Sales Manager,John Smith,17,Diversity Job Fair,1/17/2019,Fully Meets,3,3.65,5,0,0,20
"Lindsay, Leonara ",10008,F,0,Single,0,0,10/05/1988,CT,6070,US Citizen,Hispanic,1/21/2011,,N/A-StillEmployed,Active,1,IT/IS,3,51777,14,IT Support,Eric Dougall,6,Diversity Job Fair,1/25/2019,Exceeds,4,4.64,4,5,0,14
"Lunquist, Lisa",10035,F,0,Single,0,0,03/28/82,MA,2324,US Citizen,Black or African American,8/19/2013,,N/A-StillEmployed,Active,1,Production       ,5,73330,20,Production Technician II,Elijiah Gray,16,Indeed,02/12/2019,Exceeds,4,4.2,4,0,0,19
"Monterro, Luisa",10025,F,0,Single,0,0,04/24/70,MA,2126,US Citizen,Black or African American,5/13/2013,,N/A-StillEmployed,Active,1,Production       ,5,72460,20,Production Technician II,Kissy Sullivan,20,Indeed,1/14/2019,Exceeds,4,4.7,3,0,0,1
"Owad, Clinton",10281,M ,1,Single,0,0,11/24/79,MA,1760,US Citizen,Black or African American,2/17/2014,,N/A-StillEmployed,Active,1,Production       ,5,53060,19,Production Technician I,Michael Albert,22,LinkedIn,02/04/2019,Needs Improvement,2,4.25,3,0,4,6
"Roper, Katie",10086,F,0,Single,0,0,11/21/72,MA,2056,US Citizen,Black or African American,01/07/2017,,N/A-StillEmployed,Active,1,IT/IS,3,150290,7,Data Architect,Brian Champaigne,13,Indeed,02/06/2019,Fully Meets,3,4.94,3,5,0,17
"Terry, Sharlene ",10161,F,0,Single,0,0,05/07/1965,OR,97756,US Citizen,Black or African American,9/29/2014,,N/A-StillEmployed,Active,1,Sales,6,58370,3,Area Sales Manager,Lynn Daneault,21,Indeed,1/28/2019,Fully Meets,3,3.69,3,0,0,18
"Walker, Roger",10190,M ,1,Single,0,0,02/10/1976,MA,2459,US Citizen,Black or African American,8/18/2014,,N/A-StillEmployed,Active,1,Production       ,5,66541,20,Production Technician II,Ketsia Liebig,19,Employee Referral,02/12/2019,Fully Meets,3,3.11,5,0,0,4
"Miller, Brannon",10116,M ,1,Single,0,0,08/10/1981,MA,2045,US Citizen,Hispanic,8/16/2012,,N/A-StillEmployed,Active,1,Production       ,5,83667,18,Production Manager,Janet King,2,Indeed,1/14/2019,Fully Meets,3,4.37,3,0,0,2
"Barone, Francesco  A",10265,M ,1,Single,0,0,07/20/83,MA,1810,US Citizen,Two or more races,2/20/2012,,N/A-StillEmployed,Active,1,Production       ,5,58709,19,Production Technician I,Kelley Spirea,18,Google Search,2/14/2019,Fully Meets,3,4.6,4,0,0,7
"Davis, Daniel",10143,M ,1,Single,0,0,09/14/79,MA,2458,Eligible NonCitizen,Two or more races,11/07/2011,,N/A-StillEmployed,Active,1,Production       ,5,56294,20,Production Technician II,Kissy Sullivan,20,LinkedIn,2/27/2019,Fully Meets,3,3.96,4,0,0,6
"Delarge, Alex",10306,M ,1,Single,0,0,11/02/1975,AL,36006,US Citizen,Two or more races,9/29/2014,,N/A-StillEmployed,Active,1,Sales,6,61568,3,Area Sales Manager,John Smith,17,Indeed,1/30/2019,PIP,1,1.93,3,0,6,5
"Girifalco, Evelyn",10018,F,0,Single,0,0,05/08/1980,MA,2451,US Citizen,Two or more races,9/29/2014,,N/A-StillEmployed,Active,1,Production       ,5,57815,19,Production Technician I,Amy Dunn,11,Indeed,02/07/2019,Exceeds,4,3.9,4,0,0,3
"Nguyen, Dheepa",10042,F,0,Single,0,0,03/31/89,GA,30428,US Citizen,Two or more races,07/08/2013,,N/A-StillEmployed,Active,1,Sales,6,63695,3,Area Sales Manager,Lynn Daneault,21,Indeed,1/25/2019,Fully Meets,3,5,5,0,0,2
"Adinolfi, Wilson  K",10026,M ,1,Single,0,0,07/10/1983,MA,1960,US Citizen,White,07/05/2011,,N/A-StillEmployed,Active,1,Production       ,5,62506,19,Production Technician I,Michael Albert,22,LinkedIn,1/17/2019,Exceeds,4,4.6,5,0,0,1
"Anderson, Linda  ",10002,F,0,Single,0,0,05/22/77,MA,1844,US Citizen,White,01/09/2012,,N/A-StillEmployed,Active,1,Production       ,5,57568,19,Production Technician I,Amy Dunn,11,LinkedIn,01/07/2019,Exceeds,4,5,5,0,0,15
"Andreola, Colby",10194,F,0,Single,0,0,05/24/79,MA,2110,US Citizen,White,11/10/2014,,N/A-StillEmployed,Active,1,Software Engineering,4,95660,24,Software Engineer,Alex Sweetwater,10,LinkedIn,01/02/2019,Fully Meets,3,3.04,3,4,0,19
"Beatrice, Courtney ",10055,F,0,Single,0,0,10/27/70,MA,1915,Eligible NonCitizen,White,04/04/2011,,N/A-StillEmployed,Active,1,Production       ,5,59026,19,Production Technician I,Elijiah Gray,16,Google Search,1/14/2019,Fully Meets,3,5,5,0,0,12
"Bernstein, Sean",10046,M ,1,Single,0,0,12/22/70,MA,2072,US Citizen,Hispanic,04/02/2012,,N/A-StillEmployed,Active,1,Production       ,5,51044,19,Production Technician I,Amy Dunn,11,Google Search,1/14/2019,Fully Meets,3,5,3,0,0,13
"Blount, Dianna",10294,F,0,Single,0,0,09/21/90,MA,2171,US Citizen,White,04/04/2011,,N/A-StillEmployed,Active,1,Production       ,5,66441,20,Production Technician II,Michael Albert,22,CareerBuilder,2/27/2019,Needs Improvement,2,2,3,0,2,3
"Buccheri, Joseph  ",10184,M ,1,Single,0,0,07/28/83,MA,1013,US Citizen,White,9/29/2014,,N/A-StillEmployed,Active,1,Production       ,5,65288,20,Production Technician II,Webster Butler,,Google Search,02/01/2019,Fully Meets,3,3.19,3,0,0,9
"Cady, Max ",10150,M ,1,Single,0,0,11/22/66,MA,2184,US Citizen,White,8/15/2011,,N/A-StillEmployed,Active,1,Software Engineering,4,77692,25,Software Engineering Manager,Jennifer Zamora,5,Google Search,1/21/2019,Fully Meets,3,3.84,3,5,0,4
"Candie, Calvin",10001,M ,1,Single,0,0,08/09/1983,MA,2169,US Citizen,White,1/28/2016,,N/A-StillEmployed,Active,1,Production       ,5,72640,18,Production Manager,Janet King,2,Indeed,2/22/2019,Exceeds,4,5,3,0,0,14
"Carabbio, Judith",10085,F,0,Single,0,0,04/05/1987,MA,2132,US Citizen,White,11/11/2013,,N/A-StillEmployed,Active,1,Software Engineering,4,93396,24,Software Engineer,Alex Sweetwater,10,Indeed,1/30/2019,Fully Meets,3,4.96,4,6,0,3
"Carter, Michelle ",10040,F,0,Single,0,0,05/15/63,VT,5664,US Citizen,White,8/18/2014,,N/A-StillEmployed,Active,1,Sales,6,71860,3,Area Sales Manager,John Smith,17,Indeed,1/21/2019,Fully Meets,3,5,5,0,0,7
"Chace, Beatrice ",10067,F,0,Single,0,0,01/02/1951,MA,2763,US Citizen,White,9/29/2014,,N/A-StillEmployed,Active,1,Production       ,5,61656,19,Production Technician I,Michael Albert,22,Google Search,02/12/2019,Fully Meets,3,5,4,0,0,11
"Chan, Lin",10210,F,0,Single,0,0,02/12/1979,MA,2170,US Citizen,White,05/12/2014,,N/A-StillEmployed,Active,1,Production       ,5,54237,19,Production Technician I,Elijiah Gray,16,Indeed,2/19/2019,Fully Meets,3,3.3,4,0,0,11
"Chang, Donovan  E",10154,M ,1,Single,0,0,08/24/83,MA,1845,US Citizen,White,07/08/2013,,N/A-StillEmployed,Active,1,Production       ,5,60380,19,Production Technician I,Webster Butler,,LinkedIn,1/14/2019,Fully Meets,3,3.8,5,0,0,4
"Clayton, Rick",10220,M ,1,Single,0,0,09/05/1985,MA,2170,US Citizen,White,09/05/2012,,N/A-StillEmployed,Active,1,IT/IS,3,68678,14,IT Support,Eric Dougall,6,Indeed,2/27/2019,Fully Meets,3,4.7,3,6,0,2
"Cockel, James",10261,M ,1,Single,0,0,09/08/1977,MA,2452,US Citizen,White,07/08/2013,,N/A-StillEmployed,Active,1,Production       ,5,63108,19,Production Technician I,David Stanley,14,Employee Referral,1/14/2019,Fully Meets,3,4.4,5,0,0,3
"Cross, Noah",10083,M ,1,Single,0,0,09/09/1965,CT,6278,US Citizen,White,11/10/2014,,N/A-StillEmployed,Active,1,IT/IS,3,92329,28,Sr. Network Engineer,Peter Monroe,7,Employee Referral,01/02/2019,Fully Meets,3,5,3,4,0,5
"Daneault, Lynn",10099,F,0,Single,0,0,04/19/90,VT,5473,US Citizen,White,05/05/2014,,N/A-StillEmployed,Active,1,Sales,6,65729,21,Sales Manager,Debra Houlihan,15,Indeed,1/24/2019,Fully Meets,3,4.62,4,0,0,8
"DeVito, Tommy",10197,M ,1,Single,0,0,09/04/1983,MA,2045,US Citizen,White,2/15/2017,,N/A-StillEmployed,Active,1,IT/IS,3,96820,4,BI Developer,Brian Champaigne,13,Indeed,1/23/2019,Fully Meets,3,3.01,5,7,0,15
"Dickinson, Geoff ",10276,M ,1,Single,0,0,11/15/82,MA,2180,US Citizen,White,05/12/2014,,N/A-StillEmployed,Active,1,Production       ,5,51259,19,Production Technician I,Ketsia Liebig,19,Indeed,2/19/2019,Fully Meets,3,4.3,4,0,0,1
"Dietrich, Jenna  ",10304,F,0,Single,0,0,05/14/87,WA,98052,US Citizen,Hispanic,2/20/2012,,N/A-StillEmployed,Active,1,Sales,6,59231,3,Area Sales Manager,John Smith,17,Website,1/29/2019,PIP,1,2.3,1,0,2,17
"Dobrin, Denisa  S",10207,F,0,Single,0,0,10/07/1986,MA,2125,US Citizen,Hispanic,04/02/2012,,N/A-StillEmployed,Active,1,Production       ,5,46335,19,Production Technician I,David Stanley,14,CareerBuilder,2/19/2019,Fully Meets,3,3.4,5,0,0,15
"Driver, Elle",10006,F,0,Single,0,0,11/08/1988,CA,90007,US Citizen,White,01/10/2011,,N/A-StillEmployed,Active,1,Sales,6,74241,3,Area Sales Manager,Lynn Daneault,21,Indeed,1/27/2019,Exceeds,4,4.77,5,0,0,14
"Dunn, Amy  ",10105,F,0,Single,0,0,11/28/73,MA,1731,US Citizen,White,9/18/2014,,N/A-StillEmployed,Active,1,Production       ,5,75188,18,Production Manager,Janet King,2,Google Search,1/15/2019,Fully Meets,3,4.52,4,0,0,4
"Engdahl, Jean",10247,M ,1,Single,0,0,05/31/74,MA,2026,US Citizen,White,11/10/2014,,N/A-StillEmployed,Active,1,Production       ,5,48888,19,Production Technician I,Kelley Spirea,18,LinkedIn,2/13/2019,Fully Meets,3,4.7,5,0,0,8
"Fett, Boba",10309,M ,1,Single,0,0,06/18/87,MA,2138,US Citizen,White,3/30/2015,,N/A-StillEmployed,Active,1,IT/IS,3,53366,15,Network Engineer,Peter Monroe,7,LinkedIn,02/04/2019,PIP,1,1.2,3,6,3,2
"Galia, Lisa",10273,F,0,Single,0,0,07/06/1968,CT,6040,US Citizen,White,05/01/2010,,N/A-StillEmployed,Active,1,IT/IS,3,65707,14,IT Support,Eric Dougall,6,LinkedIn,02/01/2019,Fully Meets,3,4.7,4,5,0,1
"Garcia, Raul",10111,M ,1,Single,0,0,09/15/85,MA,1905,US Citizen,Hispanic,3/30/2015,,N/A-StillEmployed,Active,1,Production       ,5,52249,19,Production Technician I,David Stanley,14,Employee Referral,2/18/2019,Fully Meets,3,4.5,3,0,0,5
"Givens, Myriam",10255,F,0,Single,0,0,09/22/89,IN,46204,US Citizen,White,2/16/2015,,N/A-StillEmployed,Active,1,Sales,6,61555,3,Area Sales Manager,Lynn Daneault,21,Indeed,1/25/2019,Fully Meets,3,4.5,5,0,0,20
"Gold, Shenice  ",10243,F,0,Single,0,0,06/18/92,MA,2451,US Citizen,Hispanic,11/11/2013,,N/A-StillEmployed,Active,1,Production       ,5,53018,19,Production Technician I,Ketsia Liebig,19,Indeed,2/18/2019,Fully Meets,3,4.3,5,0,0,7
"Hankard, Earnest",10074,M ,1,Single,0,0,08/10/1988,MA,2155,US Citizen,Hispanic,11/11/2013,,N/A-StillEmployed,Active,1,Production       ,5,64246,20,Production Technician II,Kelley Spirea,18,LinkedIn,01/08/2019,Fully Meets,3,5,3,0,0,20
"Heitzman, Anthony",10129,M ,1,Single,0,0,01/04/1984,MA,2149,US Citizen,White,8/13/2012,,N/A-StillEmployed,Active,1,Production       ,5,46998,19,Production Technician I,Ketsia Liebig,19,Google Search,02/11/2019,Fully Meets,3,4.17,4,0,0,1
"Horton, Jayne",10112,F,0,Single,0,0,02/21/84,MA,2493,US Citizen,White,3/30/2015,,N/A-StillEmployed,Active,1,IT/IS,3,97999,8,Database Administrator,Simon Roup,4,Indeed,01/03/2019,Fully Meets,3,4.48,5,6,0,4
"Hudson, Jane",10248,F,0,Single,0,0,06/10/1986,MA,2176,US Citizen,White,2/20/2012,,N/A-StillEmployed,Active,1,Production       ,5,55425,19,Production Technician I,Ketsia Liebig,19,LinkedIn,01/07/2019,Fully Meets,3,4.8,4,0,0,4
"Ivey, Rose ",10139,F,0,Single,0,0,01/28/91,MA,1775,US Citizen,White,8/19/2013,,N/A-StillEmployed,Active,1,Production       ,5,51908,19,Production Technician I,Brannon Miller,12,Indeed,1/14/2019,Fully Meets,3,3.99,3,0,0,14
"Johnston, Yen",10036,F,0,Single,0,0,09/08/1969,MA,2128,US Citizen,White,07/07/2014,,N/A-StillEmployed,Active,1,Production       ,5,63322,20,Production Technician II,Brannon Miller,12,LinkedIn,01/11/2019,Exceeds,4,4.3,3,0,0,1
"Keatts, Kramer ",10192,M ,1,Single,0,0,01/19/76,MA,1887,US Citizen,White,9/30/2013,,N/A-StillEmployed,Active,1,Production       ,5,50482,19,Production Technician I,Michael Albert,22,Indeed,1/23/2019,Fully Meets,3,3.07,4,0,0,10
"Khemmich, Bartholemew",10231,M ,1,Single,0,0,11/27/79,CO,80820,US Citizen,White,8/19/2013,,N/A-StillEmployed,Active,1,Sales,6,65310,3,Area Sales Manager,Lynn Daneault,21,Indeed,1/22/2019,Fully Meets,3,4.3,5,0,0,13
"Mahoney, Lauren  ",10219,F,0,Single,0,0,07/07/1986,MA,2189,US Citizen,White,01/06/2014,,N/A-StillEmployed,Active,1,Production       ,5,45395,19,Production Technician I,Ketsia Liebig,19,LinkedIn,2/26/2019,Fully Meets,3,4.6,4,0,0,14
"Medeiros, Jennifer",10068,F,0,Single,0,0,09/22/76,MA,2346,US Citizen,White,3/30/2015,,N/A-StillEmployed,Active,1,Production       ,5,55688,19,Production Technician I,Michael Albert,22,CareerBuilder,1/21/2019,Fully Meets,3,5,4,0,0,10
"Nguyen, Lei-Ming",10206,F,0,Single,0,0,07/07/1984,MA,2132,US Citizen,White,07/08/2013,,N/A-StillEmployed,Active,1,Production       ,5,62061,19,Production Technician I,David Stanley,14,LinkedIn,01/02/2019,Fully Meets,3,3.6,5,0,0,4
"Nowlan, Kristie",10104,F,0,Single,0,0,11/23/85,MA,1040,US Citizen,White,11/10/2014,,N/A-StillEmployed,Active,1,Production       ,5,66738,20,Production Technician II,Elijiah Gray,16,Indeed,1/16/2019,Fully Meets,3,4.53,5,0,0,5
"Onque, Jasmine",10121,F,0,Single,0,0,05/11/1990,FL,33174,US Citizen,Hispanic,9/30/2013,,N/A-StillEmployed,Active,1,Sales,6,63051,3,Area Sales Manager,Lynn Daneault,21,Indeed,1/25/2019,Fully Meets,3,4.28,3,0,0,1
"Ozark, Travis",10041,M ,1,Single,0,0,05/19/82,NC,27229,US Citizen,White,01/05/2015,,N/A-StillEmployed,Active,1,Sales,6,68829,3,Area Sales Manager,John Smith,17,Website,1/14/2019,Fully Meets,3,5,5,0,0,18
"Pitt, Brad ",10164,M ,1,Single,0,0,11/23/81,MA,2451,US Citizen,White,11/05/2007,,N/A-StillEmployed,Active,1,Production       ,5,47001,19,Production Technician I,David Stanley,14,Google Search,2/25/2019,Fully Meets,3,3.66,3,0,0,15
"Punjabhi, Louis  ",10225,M ,1,Single,0,0,06/19/61,MA,2109,US Citizen,White,01/06/2014,,N/A-StillEmployed,Active,1,Production       ,5,59472,19,Production Technician I,Kelley Spirea,18,Employee Referral,01/07/2019,Fully Meets,3,4.8,3,0,0,14
"Roup,Simon",10198,M ,1,Single,0,0,04/05/1973,MA,2481,US Citizen,White,1/20/2013,,N/A-StillEmployed,Active,1,IT/IS,3,140920,13,IT Manager - DB,Jennifer Zamora,5,Indeed,2/18/2019,Fully Meets,3,3.6,5,7,0,13
"Singh, Nan ",10039,F,0,Single,0,0,05/19/88,MA,2330,US Citizen,White,05/01/2015,,N/A-StillEmployed,Active,1,Admin Offices,1,51920,2,Administrative Assistant,Brandon R. LeBlanc,1,Website,1/15/2019,Fully Meets,3,5,3,5,0,2
"Smith, Joe",10027,M ,1,Single,0,0,10/30/63,MA,2045,US Citizen,White,9/29/2014,,N/A-StillEmployed,Active,1,Production       ,5,60656,20,Production Technician II,Elijiah Gray,16,Indeed,1/28/2019,Exceeds,4,4.3,3,0,0,4
"Smith, Sade",10157,F,0,Single,0,0,02/02/1965,MA,2130,US Citizen,White,11/11/2013,,N/A-StillEmployed,Active,1,Production       ,5,58939,19,Production Technician I,Ketsia Liebig,19,Employee Referral,1/24/2019,Fully Meets,3,3.73,3,0,0,16
"Steans, Tyrone  ",10147,M ,1,Single,0,0,09/01/1986,MA,2703,US Citizen,White,9/29/2014,,N/A-StillEmployed,Active,1,Admin Offices,1,63003,1,Accountant I,Brandon R. LeBlanc,1,Indeed,1/18/2019,Fully Meets,3,3.9,5,5,0,9
"Szabo, Andrew",10024,M ,1,Single,0,0,05/06/1983,MA,2140,US Citizen,White,07/07/2014,,N/A-StillEmployed,Active,1,Software Engineering,4,92989,24,Software Engineer,Alex Sweetwater,10,LinkedIn,2/18/2019,Exceeds,4,4.5,5,5,0,1
"Trang, Mei",10287,F,0,Single,0,0,05/16/83,MA,2021,US Citizen,White,2/17/2014,,N/A-StillEmployed,Active,1,Production       ,5,63025,19,Production Technician I,David Stanley,14,LinkedIn,02/11/2019,Needs Improvement,2,2.44,5,0,4,18
"Wolk, Hang  T",10174,F,0,Single,0,0,04/20/85,MA,2302,US Citizen,White,9/29/2014,,N/A-StillEmployed,Active,1,Production       ,5,60446,20,Production Technician II,David Stanley,14,LinkedIn,2/21/2019,Fully Meets,3,3.4,4,0,0,14
"Woodson, Jason",10135,M ,1,Single,0,0,05/11/1985,MA,1810,US Citizen,White,07/07/2014,,N/A-StillEmployed,Active,1,Production       ,5,65893,20,Production Technician II,Kissy Sullivan,20,LinkedIn,2/28/2019,Fully Meets,3,4.07,4,0,0,13
"Zamora, Jennifer",10010,F,0,Single,0,0,08/30/79,MA,2067,US Citizen,White,04/10/2010,,N/A-StillEmployed,Active,1,IT/IS,3,220450,6,CIO,Janet King,2,Employee Referral,2/21/2019,Exceeds,4,4.6,5,6,0,16
"Zhou, Julia",10043,F,0,Single,0,0,02/24/79,MA,2148,US Citizen,White,3/30/2015,,N/A-StillEmployed,Active,1,IT/IS,3,89292,9,Data Analyst,Simon Roup,4,Employee Referral,02/01/2019,Fully Meets,3,5,3,5,0,11
"Hitchcock, Alfred",10167,M ,1,Married,1,1,09/14/88,NH,3062,US Citizen,American Indian or Alaska Native,8/18/2014,,N/A-StillEmployed,Active,1,Sales,6,70545,3,Area Sales Manager,John Smith,17,Indeed,1/30/2019,Fully Meets,3,3.6,5,0,0,9
"Kretschmer, John",10176,M ,1,Married,1,1,02/02/1980,MA,1801,US Citizen,Asian,01/10/2011,,N/A-StillEmployed,Active,1,Production       ,5,63973,19,Production Technician I,Brannon Miller,12,Indeed,1/21/2019,Fully Meets,3,3.38,3,0,0,17
"Lecter, Hannibal",10251,M ,1,Married,1,1,09/02/1982,MA,1776,US Citizen,Asian,5/14/2012,,N/A-StillEmployed,Active,1,Production       ,5,64738,19,Production Technician I,Elijiah Gray,16,Google Search,2/22/2019,Fully Meets,3,4.1,3,0,0,10
"Petingill, Shana  ",10217,F,0,Married,1,1,03/10/1979,MA,2050,Eligible NonCitizen,Asian,04/02/2012,,N/A-StillEmployed,Active,1,Production       ,5,74226,20,Production Technician II,Brannon Miller,12,LinkedIn,1/14/2019,Fully Meets,3,4.3,3,0,0,14
"Rivera, Haley  ",10011,F,0,Married,1,1,01/12/1973,MA,2171,US Citizen,Asian,11/28/2011,,N/A-StillEmployed,Active,1,Production       ,5,46738,19,Production Technician I,Webster Butler,,Google Search,02/11/2019,Exceeds,4,4.36,5,0,0,16
"Stoica, Rick",10266,M ,1,Married,1,1,03/14/85,MA,2301,US Citizen,Asian,2/17/2014,,N/A-StillEmployed,Active,1,Production       ,5,61355,19,Production Technician I,Kelley Spirea,18,LinkedIn,01/11/2019,Fully Meets,3,4.7,3,0,0,4
"Boutwell, Bonalyn",10081,F,0,Married,1,1,04/04/1987,MA,2468,US Citizen,Black or African American,2/16/2015,,N/A-StillEmployed,Active,1,Admin Offices,1,106367,26,Sr. Accountant,Brandon R. LeBlanc,3,Diversity Job Fair,2/18/2019,Fully Meets,3,5,4,3,0,4
"Brown, Mia",10238,F,0,Married,1,1,11/24/87,MA,1450,US Citizen,Black or African American,10/27/2008,,N/A-StillEmployed,Active,1,Admin Offices,1,63000,1,Accountant I,Brandon R. LeBlanc,1,Diversity Job Fair,1/15/2019,Fully Meets,3,4.5,2,6,0,14
"DiNocco, Lily ",10284,F,0,Married,1,1,12/02/1978,MA,2351,US Citizen,Black or African American,01/07/2013,,N/A-StillEmployed,Active,1,Production       ,5,61584,19,Production Technician I,Brannon Miller,12,Indeed,1/18/2019,Needs Improvement,2,3.88,4,0,0,6
"Faller, Megan ",10263,F,0,Married,1,1,09/22/78,MA,1824,US Citizen,Black or African American,07/07/2014,,N/A-StillEmployed,Active,1,Production       ,5,71776,20,Production Technician II,Elijiah Gray,16,LinkedIn,2/22/2019,Fully Meets,3,4.4,5,0,0,17
"Gentry, Mildred",10159,F,0,Married,1,1,10/01/1990,MA,2145,US Citizen,Black or African American,3/30/2015,,N/A-StillEmployed,Active,1,Production       ,5,51337,19,Production Technician I,Michael Albert,22,LinkedIn,1/16/2019,Fully Meets,3,3.73,3,0,0,19
"Gruber, Hans",10234,M ,1,Married,1,1,06/30/89,MA,2134,US Citizen,Black or African American,4/20/2017,,N/A-StillEmployed,Active,1,IT/IS,3,99020,4,BI Developer,Brian Champaigne,13,Indeed,1/28/2019,Fully Meets,3,4.2,5,5,0,8
"Mckenna, Sandy",10145,F,0,Married,1,1,01/07/1987,MA,2184,US Citizen,Black or African American,01/07/2013,,N/A-StillEmployed,Active,1,Production       ,5,62810,19,Production Technician I,Kissy Sullivan,20,CareerBuilder,1/30/2019,Fully Meets,3,3.93,3,0,0,20
"Monroe, Peter",10288,M ,1,Married,1,1,10/05/1986,MA,2134,Eligible NonCitizen,Hispanic,2/15/2012,,N/A-StillEmployed,Active,1,IT/IS,3,157000,13,IT Manager - Infra,Jennifer Zamora,5,Diversity Job Fair,2/22/2019,Needs Improvement,2,2.39,3,6,4,13
"Petrowsky, Thelma",10016,F,0,Married,1,1,09/16/84,MA,1886,US Citizen,Black or African American,11/10/2014,,N/A-StillEmployed,Active,1,IT/IS,3,93554,9,Data Analyst,Simon Roup,4,Employee Referral,01/04/2019,Exceeds,4,4.6,5,7,0,16
"Potts, Xana",10124,F,0,Married,1,1,08/29/88,KY,40220,US Citizen,Black or African American,01/09/2012,,N/A-StillEmployed,Active,1,Sales,6,61844,3,Area Sales Manager,Lynn Daneault,21,Website,02/01/2019,Fully Meets,3,4.2,5,0,0,9
"Rachael, Maggie",10239,F,0,Married,1,1,05/12/1980,MA,2110,US Citizen,Black or African American,10/02/2016,,N/A-StillEmployed,Active,1,IT/IS,3,95920,4,BI Developer,Brian Champaigne,13,Indeed,02/06/2019,Fully Meets,3,4.4,4,6,0,10
"Sander, Kamrin",10169,F,0,Married,1,1,07/10/1988,MA,2154,US Citizen,Black or African American,9/29/2014,,N/A-StillEmployed,Active,1,Production       ,5,56147,19,Production Technician I,Elijiah Gray,16,LinkedIn,2/18/2019,Fully Meets,3,3.51,3,0,0,2
"Soto, Julia ",10119,F,0,Married,1,1,03/12/1973,MA,2360,US Citizen,Black or African American,06/10/2011,,N/A-StillEmployed,Active,1,IT/IS,3,66593,14,IT Support,Eric Dougall,6,LinkedIn,02/08/2019,Fully Meets,3,4.3,3,5,0,19
"Strong, Caitrin",10241,F,0,Married,1,1,05/12/1989,MT,59102,US Citizen,Black or African American,9/27/2010,,N/A-StillEmployed,Active,1,Sales,6,60120,3,Area Sales Manager,John Smith,17,Indeed,1/31/2019,Fully Meets,3,4.1,4,0,0,18
"Sullivan, Kissy ",10158,F,0,Married,1,1,03/28/78,MA,1776,US Citizen,Black or African American,01/08/2009,,N/A-StillEmployed,Active,1,Production       ,5,63682,18,Production Manager,Janet King,2,Indeed,1/24/2019,Fully Meets,3,3.73,4,0,0,12
"Valentin,Jackie",10205,F,0,Married,1,1,05/23/91,AZ,85006,US Citizen,Two or more races,07/05/2011,,N/A-StillEmployed,Active,1,Sales,6,57859,3,Area Sales Manager,John Smith,17,Indeed,1/17/2019,Fully Meets,3,2.81,3,0,0,16
"Alagbe,Trina",10088,F,0,Married,1,1,09/27/88,MA,1886,US Citizen,White,01/07/2008,,N/A-StillEmployed,Active,1,Production       ,5,64991,19,Production Technician I,Elijiah Gray,16,Indeed,01/03/2019,Fully Meets,3,4.84,5,0,0,15
"Billis, Helen",10003,F,0,Married,1,1,09/01/1989,MA,2031,US Citizen,White,07/07/2014,,N/A-StillEmployed,Active,1,Production       ,5,62910,19,Production Technician I,Brannon Miller,12,Indeed,2/27/2019,Exceeds,4,5,3,0,0,19
"Burkett, Benjamin ",10181,M ,1,Married,1,1,08/19/77,MA,1890,US Citizen,White,04/04/2011,,N/A-StillEmployed,Active,1,Production       ,5,62162,20,Production Technician II,Ketsia Liebig,19,Indeed,1/14/2019,Fully Meets,3,3.25,5,0,0,15
"Champaigne, Brian",10108,M ,1,Married,1,1,02/09/1972,MA,2045,US Citizen,White,09/06/2016,,N/A-StillEmployed,Active,1,IT/IS,3,110929,5,BI Director,Jennifer Zamora,5,Indeed,1/15/2019,Fully Meets,3,4.5,5,7,0,8
"Cornett, Lisa ",10094,F,0,Married,1,1,03/31/77,MA,2189,US Citizen,Hispanic,01/05/2015,,N/A-StillEmployed,Active,1,Production       ,5,63381,19,Production Technician I,Kelley Spirea,18,Indeed,2/14/2019,Fully Meets,3,4.73,5,0,0,6
"Costello, Frank",10193,M ,1,Married,1,1,08/26/86,MA,1810,US Citizen,White,3/30/2015,,N/A-StillEmployed,Active,1,IT/IS,3,83552,9,Data Analyst,Simon Roup,4,Indeed,1/22/2019,Fully Meets,3,3.04,3,6,0,2
"Darson, Jene'ya ",10056,F,0,Married,1,1,11/05/1978,MA,2110,US Citizen,White,07/02/2012,,N/A-StillEmployed,Active,1,Production       ,5,57583,19,Production Technician I,Elijiah Gray,16,Indeed,2/25/2019,Fully Meets,3,5,3,0,0,1
"Dee, Randy",10311,M ,1,Married,1,1,04/15/88,MA,2138,US Citizen,White,07/09/2018,,N/A-StillEmployed,Active,1,Production       ,6,56991,19,Production Technician I,Brannon Miller,12,Indeed,1/31/2019,Fully Meets,1,4.3,4,3,2,2
"Desimone, Carl ",10310,M ,1,Married,1,1,04/19/67,MA,2061,US Citizen,White,07/07/2014,,N/A-StillEmployed,Active,1,Production       ,5,53189,19,Production Technician I,Amy Dunn,11,Indeed,1/31/2019,PIP,1,1.12,2,0,4,9
"Dolan, Linda",10133,F,0,Married,1,1,07/18/88,MA,2119,US Citizen,White,01/05/2015,,N/A-StillEmployed,Active,1,IT/IS,3,70621,14,IT Support,Peter Monroe,7,Employee Referral,2/25/2019,Fully Meets,3,4.11,4,6,0,16
"Dunne, Amy",10211,F,0,Married,1,1,09/23/73,MA,1749,US Citizen,White,4/26/2010,,N/A-StillEmployed,Active,1,Production       ,5,62514,19,Production Technician I,Ketsia Liebig,19,Google Search,1/21/2019,Fully Meets,3,2.9,3,0,0,6
"England, Rex",10235,M ,1,Married,1,1,08/25/78,MA,2045,US Citizen,White,3/31/2014,,N/A-StillEmployed,Active,1,Production       ,5,54285,19,Production Technician I,Kelley Spirea,18,Employee Referral,01/11/2019,Fully Meets,3,4.2,3,0,0,3
"Fernandes, Nilson  ",10308,M ,1,Married,1,1,10/18/89,MA,2132,US Citizen,White,05/11/2015,,N/A-StillEmployed,Active,1,Production       ,5,64057,19,Production Technician I,Amy Dunn,11,Indeed,01/03/2019,PIP,1,1.56,5,0,6,15
"Fidelia,  Libby",10049,F,0,Married,1,1,03/16/81,MA,2155,US Citizen,White,01/09/2012,,N/A-StillEmployed,Active,1,Production       ,5,58530,19,Production Technician I,Brannon Miller,12,Google Search,1/29/2019,Fully Meets,3,5,5,0,0,19
"Forrest, Alex",10305,M ,1,Married,1,1,07/07/1975,MA,2330,US Citizen,White,9/29/2014,8/19/2018,Fatal attraction,Terminated for Cause,1,Sales,6,70187,3,Area Sales Manager,Lynn Daneault,21,Employee Referral,1/28/2019,PIP,3,2,5,0,4,7
"Foster-Baker, Amy",10080,F,0,Married,1,1,04/16/79,MA,2050,US Citizen,White,01/05/2009,,N/A-StillEmployed,Active,1,Admin Offices,1,99351,26,Sr. Accountant,Board of Directors,9,Other,02/08/2019,Fully Meets,3,5,3,2,0,3
"Goeth, Amon",10228,M ,1,Married,1,1,11/24/89,MA,2135,US Citizen,Hispanic,3/30/2015,,N/A-StillEmployed,Active,1,IT/IS,3,74679,14,IT Support,Peter Monroe,7,LinkedIn,01/10/2019,Fully Meets,3,4.3,5,7,0,20
"Gordon, David",10051,M ,1,Married,1,1,05/21/79,MA,2169,US Citizen,White,07/02/2012,,N/A-StillEmployed,Active,1,Production       ,5,48285,19,Production Technician I,David Stanley,14,LinkedIn,1/14/2019,Fully Meets,3,5,3,0,0,2
"Handschiegl, Joanne",10125,F,0,Married,1,1,03/23/77,MA,2127,US Citizen,White,11/28/2011,,N/A-StillEmployed,Active,1,Production       ,5,54828,19,Production Technician I,Michael Albert,22,Google Search,2/22/2019,Fully Meets,3,4.2,4,0,0,13
"Harrison, Kara",10007,F,0,Married,1,1,05/02/1974,MA,1886,US Citizen,White,05/12/2014,,N/A-StillEmployed,Active,1,Production       ,5,62065,19,Production Technician I,Amy Dunn,11,CareerBuilder,2/15/2019,Exceeds,4,4.76,4,0,0,5
"Houlihan, Debra",10272,F,0,Married,1,1,03/17/66,RI,2908,US Citizen,White,05/05/2014,,N/A-StillEmployed,Active,1,Sales,6,180000,11,Director of Sales,Janet King,2,LinkedIn,1/21/2019,Fully Meets,3,4.5,4,0,0,19
"King, Janet",10089,F,0,Married,1,1,09/21/54,MA,1902,US Citizen,Hispanic,07/02/2012,,N/A-StillEmployed,Active,1,Executive Office,2,250000,16,President & CEO,Board of Directors,9,Indeed,1/17/2019,Fully Meets,3,4.83,3,0,0,10
"Langton, Enrico",10052,M ,1,Married,1,1,12/09/1986,MA,2048,US Citizen,White,07/09/2012,,N/A-StillEmployed,Active,1,Production       ,5,46120,19,Production Technician I,David Stanley,14,LinkedIn,02/04/2019,Fully Meets,3,5,5,0,0,13
"LeBlanc, Brandon  R",10134,M ,1,Married,1,1,06/10/1984,MA,1460,US Citizen,White,01/05/2016,,N/A-StillEmployed,Active,1,Admin Offices,1,93046,23,Shared Services Manager,Janet King,2,CareerBuilder,1/28/2019,Fully Meets,3,4.1,4,0,0,20
"Liebig, Ketsia",10017,F,0,Married,1,1,10/26/81,MA,2110,US Citizen,White,9/30/2013,,N/A-StillEmployed,Active,1,Production       ,5,77915,18,Production Manager,Janet King,2,Website,1/21/2019,Exceeds,4,4.1,3,0,0,11
"Mangal, Debbie",10279,F,0,Married,1,1,11/07/1974,MA,2451,US Citizen,White,11/11/2013,,N/A-StillEmployed,Active,1,Production       ,5,61349,19,Production Technician I,Brannon Miller,12,LinkedIn,1/22/2019,Fully Meets,3,4.1,3,0,0,11
"Maurice, Shana",10053,F,0,Married,1,1,11/22/77,MA,2330,US Citizen,White,5/31/2011,,N/A-StillEmployed,Active,1,Production       ,5,54132,19,Production Technician I,David Stanley,14,Indeed,01/10/2019,Fully Meets,3,5,4,0,0,8
"Monkfish, Erasumus",10213,M ,1,Married,1,1,08/17/92,MA,1450,US Citizen,White,11/07/2011,,N/A-StillEmployed,Active,1,Production       ,5,58207,20,Production Technician II,David Stanley,14,LinkedIn,01/08/2019,Fully Meets,3,3.7,3,0,0,14
"Morway, Tanya",10151,F,0,Married,1,1,04/04/1979,MA,2048,US Citizen,White,2/16/2015,,N/A-StillEmployed,Active,1,IT/IS,3,52599,15,Network Engineer,Peter Monroe,7,CareerBuilder,02/11/2019,Fully Meets,3,3.81,3,6,0,6
"Osturnka, Adeel",10021,M ,1,Married,1,1,12/11/1976,MA,2478,US Citizen,White,9/30/2013,,N/A-StillEmployed,Active,1,Production       ,5,47414,19,Production Technician I,Kelley Spirea,18,LinkedIn,02/07/2019,Exceeds,4,5,3,0,0,13
"Ren, Kylo",10140,M ,1,Married,1,1,10/12/1954,ID,83706,US Citizen,White,05/12/2014,,N/A-StillEmployed,Active,1,Sales,6,61809,3,Area Sales Manager,John Smith,17,CareerBuilder,1/28/2019,Fully Meets,3,3.98,3,0,0,4
"Roby, Lori ",10162,F,0,Married,1,1,10/11/1981,MA,1886,US Citizen,White,2/16/2015,,N/A-StillEmployed,Active,1,IT/IS,3,89883,9,Data Analyst,Simon Roup,4,Employee Referral,2/14/2019,Fully Meets,3,3.69,5,6,0,15
"Saada, Adell",10126,F,0,Married,1,1,07/24/86,MA,2132,US Citizen,White,11/05/2012,,N/A-StillEmployed,Active,1,Software Engineering,4,86214,24,Software Engineer,Alex Sweetwater,10,Indeed,2/13/2019,Fully Meets,3,4.2,3,6,0,2
"Sahoo, Adil",10233,M ,1,Married,1,1,04/26/86,MA,2062,US Citizen,White,8/30/2010,,N/A-StillEmployed,Active,1,Production       ,5,57975,20,Production Technician II,Kelley Spirea,18,CareerBuilder,01/10/2019,Fully Meets,3,4.1,3,0,0,13
"Shepard, Anita ",10179,F,0,Married,1,1,04/14/81,MA,1773,US Citizen,White,9/30/2014,,N/A-StillEmployed,Active,1,IT/IS,3,50750,15,Network Engineer,Peter Monroe,7,LinkedIn,01/07/2019,Fully Meets,3,3.31,3,6,0,7
"Shields, Seffi",10091,F,0,Married,1,1,08/24/85,MA,2149,US Citizen,White,8/19/2013,,N/A-StillEmployed,Active,1,Production       ,5,52087,19,Production Technician I,Amy Dunn,11,LinkedIn,2/15/2019,Fully Meets,3,4.81,4,0,0,15
"Simard, Kramer",10178,M ,1,Married,1,1,02/08/1970,MA,2110,US Citizen,Hispanic,01/05/2015,,N/A-StillEmployed,Active,1,IT/IS,3,87826,9,Data Analyst,Simon Roup,4,Employee Referral,1/14/2019,Fully Meets,3,3.32,3,7,0,16
"Sparks, Taylor  ",10302,F,0,Married,1,1,07/20/68,MA,2093,US Citizen,White,2/20/2012,,N/A-StillEmployed,Active,1,Production       ,5,64021,19,Production Technician I,Brannon Miller,12,Indeed,2/25/2019,PIP,1,2.4,2,1,6,20
"Spirea, Kelley",10090,F,0,Married,1,1,09/30/75,MA,2451,US Citizen,White,10/02/2012,,N/A-StillEmployed,Active,1,Production       ,5,65714,18,Production Manager,Janet King,2,LinkedIn,2/14/2019,Fully Meets,3,4.83,5,0,0,15
"Stansfield, Norman",10307,M ,1,Married,1,1,05/09/1974,NV,89139,US Citizen,White,05/12/2014,,N/A-StillEmployed,Active,1,Sales,6,58273,3,Area Sales Manager,Lynn Daneault,21,Website,1/17/2019,PIP,1,1.81,2,0,3,5
"Sullivan, Timothy",10117,M ,1,Married,1,1,10/07/1982,MA,2747,US Citizen,Hispanic,01/05/2015,,N/A-StillEmployed,Active,1,Production       ,5,63025,19,Production Technician I,Michael Albert,22,Google Search,1/24/2019,Fully Meets,3,4.36,5,0,0,10
"Tannen, Biff",10173,M ,1,Married,1,1,10/24/87,MA,2134,US Citizen,White,4/20/2017,,N/A-StillEmployed,Active,1,IT/IS,3,90100,4,BI Developer,Brian Champaigne,13,Indeed,01/02/2019,Fully Meets,3,3.4,3,6,0,14
"Turpin, Jumil",10045,M ,1,Married,1,1,03/31/69,MA,2343,Eligible NonCitizen,White,3/30/2015,,N/A-StillEmployed,Active,1,IT/IS,3,76029,15,Network Engineer,Peter Monroe,7,Employee Referral,1/14/2019,Fully Meets,3,5,4,7,0,8
"Jeannite, Tayana",10009,F,0,Divorced,0,2,11/06/1986,MA,1821,US Citizen,American Indian or Alaska Native,07/05/2011,,N/A-StillEmployed,Active,1,Production       ,5,60724,20,Production Technician II,Ketsia Liebig,19,LinkedIn,2/25/2019,Exceeds,4,4.6,4,0,0,11
"Biden, Lowan  M",10226,F,0,Divorced,0,2,12/27/58,MA,2027,US Citizen,Asian,8/19/2013,,N/A-StillEmployed,Active,1,Production       ,5,64919,19,Production Technician I,Ketsia Liebig,19,Indeed,01/10/2019,Fully Meets,3,4.2,3,0,0,2
"Barbossa, Hector",10012,M ,1,Divorced,0,2,07/04/1988,TX,78230,US Citizen,Black or African American,11/10/2014,,N/A-StillEmployed,Active,1,IT/IS,3,92328,9,Data Analyst,Simon Roup,4,Diversity Job Fair,2/25/2019,Exceeds,4,4.28,4,5,0,9
"Gonzalez, Cayo",10031,M ,1,Divorced,0,2,09/29/69,MA,2108,US Citizen,Black or African American,07/11/2011,,N/A-StillEmployed,Active,1,Production       ,5,59892,19,Production Technician I,Brannon Miller,12,Diversity Job Fair,2/18/2019,Exceeds,4,4.5,4,0,0,1
"LaRotonda, William  ",10038,M ,1,Divorced,0,2,04/26/84,MA,1460,US Citizen,Black or African American,01/06/2014,,N/A-StillEmployed,Active,1,Admin Offices,1,64520,1,Accountant I,Brandon R. LeBlanc,1,Website,1/17/2019,Fully Meets,3,5,4,4,0,3
"Smith, John",10291,M ,1,Divorced,0,2,08/16/84,MA,1886,US Citizen,Black or African American,5/18/2014,,N/A-StillEmployed,Active,1,Sales,6,72992,21,Sales Manager,Debra Houlihan,15,Diversity Job Fair,1/16/2019,Needs Improvement,2,2.4,4,0,2,16
"Tippett, Jeanette",10123,F,0,Divorced,0,2,06/05/1967,MA,2093,US Citizen,Black or African American,2/18/2013,,N/A-StillEmployed,Active,1,Production       ,5,56339,19,Production Technician I,Brannon Miller,12,Indeed,1/14/2019,Fully Meets,3,4.21,5,0,0,4
"Stanford,Barbara  M",10278,F,0,Divorced,0,2,08/25/82,MA,2050,US Citizen,Two or more races,01/10/2011,,N/A-StillEmployed,Active,1,Production       ,5,47961,19,Production Technician I,Kissy Sullivan,20,Google Search,02/07/2019,Fully Meets,3,4.1,4,0,0,9
"Bacong, Alejandro ",10250,M ,1,Divorced,0,2,01/07/1988,MA,1886,US Citizen,White,01/05/2015,,N/A-StillEmployed,Active,1,IT/IS,3,50178,14,IT Support,Peter Monroe,7,Indeed,2/18/2019,Fully Meets,3,5,5,6,0,16
"Corleone, Michael",10282,M ,1,Divorced,0,2,12/17/75,MA,1803,US Citizen,White,7/20/2010,,N/A-StillEmployed,Active,1,Production       ,5,68051,18,Production Manager,Janet King,2,CareerBuilder,1/14/2019,Needs Improvement,2,4.13,2,0,3,3
"Gray, Elijiah  ",10098,M ,1,Divorced,0,2,07/11/1981,MA,1752,US Citizen,White,06/02/2015,,N/A-StillEmployed,Active,1,Production       ,5,62957,18,Production Manager,Janet King,2,Employee Referral,01/04/2019,Fully Meets,3,4.63,3,0,0,2
"Jacobi, Hannah  ",10236,F,0,Divorced,0,2,03/22/66,MA,1778,US Citizen,White,9/30/2013,,N/A-StillEmployed,Active,1,Production       ,5,45069,19,Production Technician I,Kissy Sullivan,20,Employee Referral,2/22/2019,Fully Meets,3,4.3,5,0,0,7
"Motlagh,  Dawn",10254,F,0,Divorced,0,2,07/07/1984,MA,2453,US Citizen,White,04/01/2013,,N/A-StillEmployed,Active,1,Production       ,5,63430,19,Production Technician I,Elijiah Gray,16,LinkedIn,1/17/2019,Fully Meets,3,4.4,4,0,0,18
"Vega, Vincent",10144,M ,1,Divorced,0,2,10/10/1968,MA,2169,US Citizen,White,08/01/2011,,N/A-StillEmployed,Active,1,Production       ,5,88976,17,Production Manager,Janet King,2,Employee Referral,2/27/2019,Fully Meets,3,3.93,3,0,0,19
"Leruth, Giovanni",10103,M ,1,Separated,0,3,12/27/88,UT,84111,US Citizen,Black or African American,4/30/2012,,N/A-StillEmployed,Active,1,Sales,6,70468,3,Area Sales Manager,John Smith,17,Website,1/29/2019,Fully Meets,3,4.53,3,0,0,16
"Moumanil, Maliki ",10120,M ,1,Separated,0,3,12/01/1974,MA,1460,US Citizen,Black or African American,5/13/2013,,N/A-StillEmployed,Active,1,Production       ,5,74417,20,Production Technician II,Michael Albert,22,LinkedIn,1/28/2019,Fully Meets,3,4.29,5,0,0,11
"Ngodup, Shari ",10037,F,0,Separated,0,3,06/03/1967,MA,1810,US Citizen,Black or African American,04/01/2013,,N/A-StillEmployed,Active,1,Production       ,5,52984,19,Production Technician I,Brannon Miller,12,Diversity Job Fair,2/13/2019,Exceeds,4,4,3,0,0,12
"Erilus, Angela",10299,F,0,Separated,0,3,08/25/89,MA,2133,US Citizen,White,07/07/2014,,N/A-StillEmployed,Active,1,Production       ,5,56847,20,Production Technician II,Michael Albert,22,Indeed,2/25/2019,PIP,1,3,1,0,2,5
"Gonzalez, Maria",10101,F,0,Separated,0,3,04/16/81,MA,2472,US Citizen,Hispanic,01/05/2015,,N/A-StillEmployed,Active,1,IT/IS,3,61242,14,IT Support,Peter Monroe,7,Employee Referral,1/28/2019,Fully Meets,3,4.61,4,5,0,11
"Jhaveri, Sneha  ",10060,F,0,Separated,0,3,04/13/64,MA,2109,US Citizen,White,01/06/2014,,N/A-StillEmployed,Active,1,Production       ,5,60436,19,Production Technician I,Kelley Spirea,18,LinkedIn,1/21/2019,Fully Meets,3,5,5,0,0,9
"Rose, Ashley  ",10054,F,0,Separated,0,3,12/05/1974,MA,1886,US Citizen,White,01/06/2014,,N/A-StillEmployed,Active,1,Production       ,5,60627,19,Production Technician I,David Stanley,14,Website,1/31/2019,Fully Meets,3,5,4,0,0,8
"Torrence, Jack",10013,M ,1,Separated,0,3,01/15/68,ND,58782,US Citizen,White,01/09/2006,,N/A-StillEmployed,Active,1,Sales,6,64397,3,Area Sales Manager,Lynn Daneault,21,Indeed,01/04/2019,Exceeds,4,4.1,3,0,0,6
"Warfield, Sarah",10127,F,0,Widowed,0,4,05/02/1978,MA,2453,US Citizen,Asian,3/30/2015,,N/A-StillEmployed,Active,1,IT/IS,3,107226,28,Sr. Network Engineer,Peter Monroe,7,Employee Referral,02/05/2019,Fully Meets,3,4.2,4,8,0,7
"Zima, Colleen",10271,F,0,Widowed,0,4,08/17/78,MA,1730,US Citizen,Asian,9/29/2014,,N/A-StillEmployed,Active,1,Production       ,5,45046,19,Production Technician I,David Stanley,14,LinkedIn,1/30/2019,Fully Meets,3,4.5,5,0,0,2
"Athwal, Sam",10062,M ,1,Widowed,0,4,02/18/83,MA,2199,US Citizen,White,9/30/2013,,N/A-StillEmployed,Active,1,Production       ,5,59365,19,Production Technician I,Ketsia Liebig,19,Employee Referral,2/25/2019,Fully Meets,3,5,4,0,0,19
"Robinson, Elias",10020,M ,1,Widowed,0,4,01/28/85,MA,1730,US Citizen,White,07/08/2013,,N/A-StillEmployed,Active,1,Production       ,5,63353,19,Production Technician I,Brannon Miller,12,Employee Referral,02/11/2019,Exceeds,4,3.6,5,0,0,4
"Carr, Claudia  N",10082,F,0,Single,0,0,06/06/1986,MA,1886,US Citizen,Black or African American,6/30/2016,,N/A-StillEmployed,Active,1,IT/IS,3,100031,27,Sr. DBA,Simon Roup,4,LinkedIn,2/18/2019,Fully Meets,3,5,5,6,0,7
"Saar-Beckles, Melinda",10295,F,0,Single,0,0,06/06/1968,MA,1801,US Citizen,Black or African American,07/04/2016,,N/A-StillEmployed,Active,1,Production       ,5,47750,19,Production Technician I,Kelley Spirea,18,Diversity Job Fair,2/18/2019,Needs Improvement,2,2.6,4,0,5,4
"Crimmings,   Jean",10132,F,0,Single,0,0,04/10/1987,MA,1821,US Citizen,White,07/06/2016,,N/A-StillEmployed,Active,1,Production       ,5,56149,19,Production Technician I,Michael Albert,22,LinkedIn,1/28/2019,Fully Meets,3,4.12,5,0,0,15
"Hunts, Julissa",10201,F,0,Single,0,0,03/11/1984,MA,2021,US Citizen,White,06/06/2016,,N/A-StillEmployed,Active,1,Production       ,5,69340,20,Production Technician II,Elijiah Gray,16,LinkedIn,1/18/2019,Fully Meets,3,3,5,0,0,4
"Von Massenbach, Anna",10183,F,0,Single,0,0,04/06/1985,MA,2124,US Citizen,White,07/05/2015,,N/A-StillEmployed,Active,1,Production       ,5,62068,19,Production Technician I,Michael Albert,22,LinkedIn,1/29/2019,Fully Meets,3,3.21,3,0,0,7
"Soze, Keyser",10180,M ,1,Married,1,1,02/09/1983,MA,1545,US Citizen,Asian,6/30/2016,,N/A-StillEmployed,Active,1,IT/IS,3,87565,28,Sr. Network Engineer,Peter Monroe,7,LinkedIn,1/14/2019,Fully Meets,3,3.27,4,5,0,13
"McKinzie, Jac",10202,M ,1,Married,1,1,07/01/1984,TX,78789,US Citizen,Two or more races,07/06/2016,,N/A-StillEmployed,Active,1,Sales,6,63291,3,Area Sales Manager,Lynn Daneault,21,Website,1/29/2019,Fully Meets,3,3.4,4,0,0,7
"Beak, Kimberly  ",10023,F,0,Married,1,1,04/17/66,MA,2145,US Citizen,White,7/21/2016,,N/A-StillEmployed,Active,1,Production       ,5,70131,20,Production Technician II,Kelley Spirea,18,Employee Referral,1/14/2019,Exceeds,4,4.4,3,0,0,16
"Clukey, Elijian",10029,M ,1,Married,1,1,08/26/80,MA,2134,US Citizen,White,07/06/2016,,N/A-StillEmployed,Active,1,Production       ,5,50373,19,Production Technician I,Brannon Miller,12,Employee Referral,2/28/2019,Exceeds,4,4.1,4,0,0,5
"Manchester, Robyn",10077,F,0,Married,1,1,08/25/76,MA,2324,US Citizen,White,05/11/2016,,N/A-StillEmployed,Active,1,Production       ,5,62385,20,Production Technician II,Webster Butler,,LinkedIn,1/21/2019,Fully Meets,3,5,3,0,0,4
"Hutter, Rosalie",10214,F,0,Separated,0,3,05/07/1992,MA,2351,US Citizen,White,06/05/2015,,N/A-StillEmployed,Active,1,Production       ,5,64995,20,Production Technician II,Webster Butler,,Indeed,2/14/2019,Fully Meets,3,4.5,3,0,0,6
"Becker, Scott",10277,M ,1,Single,0,0,04/06/1979,MA,2452,US Citizen,Asian,07/08/2013,,N/A-StillEmployed,Active,1,Production       ,5,53250,19,Production Technician I,Webster Butler,,LinkedIn,01/11/2019,Fully Meets,3,4.2,4,0,0,13
"Sewkumar, Nori",10071,F,0,Single,0,0,03/10/1975,MA,2191,US Citizen,Asian,9/30/2013,,N/A-StillEmployed,Active,1,Production       ,5,50923,19,Production Technician I,Webster Butler,,Google Search,02/06/2019,Fully Meets,3,5,5,0,0,14
"Bachiochi, Linda",10114,F,0,Single,0,0,02/11/1970,MA,1902,US Citizen,Black or African American,07/06/2009,,N/A-StillEmployed,Active,1,Production       ,5,47837,19,Production Technician I,Brannon Miller,12,Diversity Job Fair,1/25/2019,Fully Meets,3,4.46,3,0,0,4
"Moran, Patrick",10223,M ,1,Single,0,0,12/03/1976,MA,2127,US Citizen,Black or African American,01/09/2012,,N/A-StillEmployed,Active,1,Production       ,5,72106,20,Production Technician II,Kelley Spirea,18,Diversity Job Fair,1/31/2019,Fully Meets,3,4.1,4,0,0,12
"Goyal, Roxana",10256,F,0,Married,1,1,10/09/1974,MA,1864,US Citizen,Asian,8/19/2013,,N/A-StillEmployed,Active,1,Production       ,5,49256,19,Production Technician I,Kissy Sullivan,20,LinkedIn,2/15/2019,Fully Meets,3,4.1,5,0,0,3
"Johnson, Noelle ",10156,F,0,Married,1,1,11/07/1986,MA,2301,US Citizen,Asian,01/05/2015,,N/A-StillEmployed,Active,1,IT/IS,3,105700,8,Database Administrator,Simon Roup,4,Indeed,02/11/2019,Fully Meets,3,3.75,3,5,0,2
"Lydon, Allison",10057,F,0,Married,1,1,10/22/75,MA,2122,US Citizen,Black or African American,2/16/2015,,N/A-StillEmployed,Active,1,Production       ,5,52057,19,Production Technician I,Elijiah Gray,16,Website,1/23/2019,Fully Meets,3,5,3,0,0,6
"Daniele, Ann  ",10212,F,0,Married,1,1,01/18/52,CT,6033,US Citizen,White,11/10/2014,,N/A-StillEmployed,Active,1,IT/IS,3,85028,28,Sr. Network Engineer,Peter Monroe,7,LinkedIn,02/12/2019,Fully Meets,3,3.1,5,8,0,19
"Good, Susan",10237,F,0,Married,1,1,05/25/86,MA,1886,US Citizen,White,05/12/2014,,N/A-StillEmployed,Active,1,Production       ,5,66825,20,Production Technician II,David Stanley,14,LinkedIn,02/07/2019,Fully Meets,3,4.6,3,0,0,20
"Lajiri,  Jyoti",10113,M ,1,Married,1,1,04/23/86,MA,2169,US Citizen,White,11/10/2014,,N/A-StillEmployed,Active,1,IT/IS,3,93206,28,Sr. Network Engineer,Peter Monroe,7,Employee Referral,01/07/2019,Fully Meets,3,4.46,5,6,0,7
"Linden, Mathew",10137,M ,1,Married,1,1,03/19/79,MA,1770,US Citizen,White,07/08/2013,,N/A-StillEmployed,Active,1,Production       ,5,63450,20,Production Technician II,Kelley Spirea,18,LinkedIn,2/18/2019,Fully Meets,3,4,3,0,0,7
"Newman, Richard ",10063,M ,1,Married,1,1,04/08/1977,MA,2136,US Citizen,White,05/12/2014,,N/A-StillEmployed,Active,1,Production       ,5,48495,19,Production Technician I,Ketsia Liebig,19,LinkedIn,2/18/2019,Fully Meets,3,5,5,0,0,11
"Gosciminski, Phylicia  ",10218,F,0,Separated,0,3,12/08/1983,MA,1824,US Citizen,American Indian or Alaska Native,9/30/2013,,N/A-StillEmployed,Active,1,Production       ,5,66149,20,Production Technician II,Kissy Sullivan,20,Google Search,2/21/2019,Fully Meets,3,4.4,5,0,0,1
"Bugali, Josephine ",10203,F,0,Separated,0,3,10/30/69,MA,2043,US Citizen,Black or African American,11/11/2013,,N/A-StillEmployed,Active,1,Production       ,5,64375,19,Production Technician I,Kissy Sullivan,20,Diversity Job Fair,1/21/2019,Fully Meets,3,3.5,5,0,0,17
"Howard, Estelle",10182,F,0,Married,1,1,09/16/85,MA,2170,US Citizen,Black or African American,2/16/2015,4/15/2015,"no-call, no-show",Terminated for Cause,2,Admin Offices,1,49920,2,Administrative Assistant,Brandon R. LeBlanc,1,Indeed,4/15/2015,Fully Meets,3,3.24,3,4,0,6
"Booth, Frank",10199,M ,1,Single,0,0,07/30/64,CT,6033,US Citizen,Black or African American,2/17/2014,2/19/2016,Learned that he is a gangster,Terminated for Cause,2,IT/IS,3,103613,30,Enterprise Architect,Simon Roup,4,LinkedIn,01/10/2016,Fully Meets,3,3.5,5,7,0,2
"Cole, Spencer",10292,M ,1,Single,0,0,08/12/1979,MA,1880,US Citizen,Black or African American,07/11/2011,9/23/2016,performance,Terminated for Cause,2,Production       ,5,59144,19,Production Technician I,Kissy Sullivan,20,LinkedIn,05/01/2016,Needs Improvement,2,2,3,0,5,16
"O'hare, Lynn",10303,F,0,Single,0,0,09/30/80,MA,2152,US Citizen,Two or more races,3/31/2014,05/01/2018,performance,Terminated for Cause,2,Production       ,5,52674,19,Production Technician I,Kissy Sullivan,20,LinkedIn,03/09/2018,PIP,1,2.33,2,0,6,3
"Bates, Norman",10061,M ,1,Single,0,0,10/18/81,MA,2050,US Citizen,White,2/21/2011,08/04/2017,attendance,Terminated for Cause,2,Production       ,5,57834,19,Production Technician I,Kelley Spirea,18,Google Search,04/05/2017,Fully Meets,3,5,4,0,0,20
"Becker, Renee",10245,F,0,Single,0,0,04/04/1986,MA,2026,US Citizen,Hispanic,07/07/2014,09/12/2015,performance,Terminated for Cause,2,IT/IS,3,110000,8,Database Administrator,Simon Roup,4,Google Search,1/15/2015,Fully Meets,3,4.5,4,5,0,8
"Estremera, Miguel",10280,M ,1,Single,0,0,09/02/1983,MA,2129,US Citizen,White,04/02/2012,9/27/2018,attendance,Terminated for Cause,2,Production       ,5,60340,19,Production Technician I,Michael Albert,22,Google Search,04/12/2018,Needs Improvement,2,5,4,0,5,16
"Evensen, April",10296,F,0,Single,0,0,05/06/1989,MA,2458,US Citizen,White,2/17/2014,2/25/2018,"no-call, no-show",Terminated for Cause,2,Production       ,5,59124,19,Production Technician I,Elijiah Gray,16,Google Search,1/15/2017,Needs Improvement,2,2.3,3,0,5,19
"Goble, Taisha",10246,F,0,Single,0,0,10/23/71,MA,2127,US Citizen,White,2/16/2015,3/15/2015,"no-call, no-show",Terminated for Cause,2,IT/IS,3,114800,8,Database Administrator,Simon Roup,4,Indeed,1/20/2015,Fully Meets,3,4.6,4,4,0,10
"Exantus, Susan",10290,F,0,Married,1,1,05/15/87,MA,1749,US Citizen,Black or African American,05/02/2011,06/05/2013,attendance,Terminated for Cause,2,Software Engineering,4,99280,24,Software Engineer,Alex Sweetwater,10,Indeed,08/10/2012,Needs Improvement,2,2.1,5,4,4,19
"Voldemort, Lord",10118,M ,1,Married,1,1,08/07/1986,MA,1960,US Citizen,Black or African American,2/16/2015,2/22/2017,"no-call, no-show",Terminated for Cause,2,IT/IS,3,113999,8,Database Administrator,Simon Roup,4,Employee Referral,2/15/2017,Fully Meets,3,4.33,3,7,0,9
"Landa, Hans",10092,M ,1,Married,1,1,07/01/1972,MA,1890,US Citizen,White,01/10/2011,12/12/2015,attendance,Terminated for Cause,2,Production       ,5,82758,18,Production Manager,Janet King,2,Employee Referral,2/15/2015,Fully Meets,3,4.78,4,0,0,9
"Robinson, Cherly",10285,F,0,Married,1,1,01/07/1985,MA,1460,US Citizen,White,01/10/2011,5/17/2016,attendance,Terminated for Cause,2,Production       ,5,61422,19,Production Technician I,Ketsia Liebig,19,Indeed,04/05/2016,Needs Improvement,2,3.6,3,0,4,16
"Volk, Colleen",10022,F,0,Married,1,1,06/03/1986,MA,2747,US Citizen,White,9/26/2011,02/08/2016,gross misconduct,Terminated for Cause,2,Production       ,5,49773,19,Production Technician I,Kelley Spirea,18,Google Search,02/01/2015,Exceeds,4,4.3,5,0,0,18
"Gill, Whitney  ",10142,F,0,Widowed,0,4,07/10/1971,OH,43050,US Citizen,Black or African American,07/07/2014,09/05/2015,attendance,Terminated for Cause,2,Sales,6,59370,3,Area Sales Manager,John Smith,17,CareerBuilder,1/15/2014,Fully Meets,3,3.97,4,0,0,7
"Bozzi, Charles",10175,M ,1,Single,0,0,03/10/1970,MA,1901,US Citizen,Asian,9/30/2013,08/07/2014,retiring,Voluntarily Terminated,3,Production       ,5,74312,18,Production Manager,Janet King,2,Indeed,2/20/2014,Fully Meets,3,3.39,3,0,0,14
"Leach, Dallas",10087,F,0,Single,0,0,01/17/79,MA,1810,US Citizen,Asian,9/26/2011,8/19/2018,return to school,Voluntarily Terminated,3,Production       ,5,63676,19,Production Technician I,Kissy Sullivan,20,CareerBuilder,07/02/2017,Fully Meets,3,4.88,3,0,0,17
"Ybarra, Catherine ",10301,F,0,Single,0,0,05/04/1982,MA,2458,US Citizen,Asian,09/02/2008,9/29/2015,Another position,Voluntarily Terminated,3,Production       ,5,48513,19,Production Technician I,Brannon Miller,12,Google Search,09/02/2015,PIP,1,3.2,2,0,5,4
"Lynch, Lindsay",10004,F,0,Single,0,0,02/14/73,MA,1844,US Citizen,Hispanic,11/07/2011,11/14/2015,Another position,Voluntarily Terminated,3,Production       ,5,47434,19,Production Technician I,Webster Butler,39,Diversity Job Fair,02/02/2015,Exceeds,4,5,4,0,0,17
"Meads, Elizabeth",10128,F,0,Single,0,0,05/30/68,MA,1760,US Citizen,Black or African American,04/02/2012,11/11/2016,Another position,Voluntarily Terminated,3,Production       ,5,62659,19,Production Technician I,Kelley Spirea,18,Diversity Job Fair,02/05/2016,Fully Meets,3,4.18,4,0,0,17
"Ndzi, Colombui",10215,M ,1,Single,0,0,05/02/1989,MA,2110,US Citizen,Black or African American,9/26/2011,04/04/2014,return to school,Voluntarily Terminated,3,Production       ,5,50470,19,Production Technician I,Webster Butler,39,Diversity Job Fair,03/02/2013,Fully Meets,3,4.3,3,0,0,19
"Patronick, Lucas",10005,M ,1,Single,0,0,02/20/79,MA,1844,US Citizen,Black or African American,11/07/2011,09/07/2015,Another position,Voluntarily Terminated,3,Software Engineering,4,108987,24,Software Engineer,Alex Sweetwater,10,Diversity Job Fair,8/16/2015,Exceeds,4,5,5,3,0,13
"Smith, Martin",10286,M ,1,Single,0,0,03/17/88,MA,2458,US Citizen,Black or African American,01/10/2011,12/28/2017,career change,Voluntarily Terminated,3,Production       ,5,53564,19,Production Technician I,Webster Butler,39,Google Search,04/06/2017,Needs Improvement,2,3.54,5,0,4,15
"True, Edward",10102,M ,1,Single,0,0,06/14/83,MA,2451,Non-Citizen,Black or African American,2/18/2013,4/15/2018,medical issues,Voluntarily Terminated,3,Software Engineering,4,100416,24,Software Engineer,Alex Sweetwater,10,Diversity Job Fair,02/12/2017,Fully Meets,3,4.6,3,4,0,9
"Williams, Jacquelyn  ",10264,F,0,Single,0,0,10/02/1969,MA,2109,US Citizen,Hispanic,01/09/2012,6/27/2015,relocation out of area,Voluntarily Terminated,3,Production       ,5,59728,19,Production Technician I,Ketsia Liebig,19,Diversity Job Fair,06/02/2014,Fully Meets,3,4.3,4,0,0,16
"Guilianno, Mike",10109,M ,1,Single,0,0,02/09/1969,TN,37129,US Citizen,Two or more races,03/07/2012,10/31/2014,relocation out of area,Voluntarily Terminated,3,Sales,6,71707,3,Area Sales Manager,John Smith,17,LinkedIn,02/01/2013,Fully Meets,3,4.5,5,0,0,20
"Bondwell, Betsy",10267,F,0,Single,0,0,01/16/67,MA,2210,US Citizen,White,01/10/2011,04/04/2014,career change,Voluntarily Terminated,3,Production       ,5,57815,20,Production Technician II,Elijiah Gray,16,Google Search,03/04/2014,Fully Meets,3,4.8,5,0,0,5
"Chivukula, Enola",10240,F,0,Single,0,0,08/27/83,MA,1775,US Citizen,White,6/27/2011,11/15/2015,relocation out of area,Voluntarily Terminated,3,Production       ,5,64786,19,Production Technician I,Amy Dunn,11,Indeed,03/10/2015,Fully Meets,3,4.3,4,0,0,3
"Fitzpatrick, Michael  J",10093,M ,1,Single,0,0,10/01/1981,MA,2143,US Citizen,Hispanic,5/16/2011,6/24/2013,hours,Voluntarily Terminated,3,Production       ,5,72609,20,Production Technician II,Amy Dunn,11,Google Search,04/05/2013,Fully Meets,3,4.76,5,0,0,20
"Harrington, Christie ",10097,F,0,Single,0,0,08/18/52,MA,2324,US Citizen,White,01/09/2012,12/15/2015,retiring,Voluntarily Terminated,3,Production       ,5,52177,19,Production Technician I,Webster Butler,39,CareerBuilder,05/02/2015,Fully Meets,3,4.64,4,0,0,8
"Hendrickson, Trina",10075,F,0,Single,0,0,08/27/72,MA,2021,US Citizen,White,01/10/2011,6/18/2013,hours,Voluntarily Terminated,3,Production       ,5,68099,20,Production Technician II,Kelley Spirea,18,CareerBuilder,1/30/2013,Fully Meets,3,5,3,0,0,15
"Kampew, Donysha",10244,F,0,Single,0,0,11/11/1989,PA,19444,US Citizen,White,11/07/2011,4/24/2014,maternity leave - did not return,Voluntarily Terminated,3,Sales,6,68999,21,Sales Manager,Debra Houlihan,15,Google Search,3/30/2013,Fully Meets,3,4.5,5,0,0,2
"Miller, Ned",10298,M ,1,Single,0,0,06/29/85,MA,2472,US Citizen,White,8/15/2011,09/04/2014,unhappy,Voluntarily Terminated,3,Production       ,5,55800,20,Production Technician II,Brannon Miller,12,LinkedIn,1/14/2013,PIP,1,3,2,0,6,6
"Perry, Shakira",10171,F,0,Single,0,0,07/20/86,MA,2176,US Citizen,White,5/16/2011,10/25/2015,medical issues,Voluntarily Terminated,3,Production       ,5,45998,19,Production Technician I,Amy Dunn,11,LinkedIn,5/13/2014,Fully Meets,3,3.45,4,0,0,5
"Roehrich, Bianca",10149,F,0,Single,0,0,05/27/73,MA,2703,US Citizen,Hispanic,01/05/2015,11/10/2018,Another position,Voluntarily Terminated,3,IT/IS,3,120000,29,Principal Data Architect,Simon Roup,4,LinkedIn,2/13/2018,Fully Meets,3,3.88,3,7,0,12
"Rossetti, Bruno",10065,M ,1,Single,0,0,03/18/87,MA,2155,US Citizen,White,04/04/2011,8/13/2018,Another position,Voluntarily Terminated,3,Production       ,5,53180,19,Production Technician I,Kissy Sullivan,20,Google Search,07/02/2018,Fully Meets,3,5,5,0,0,4
"Sadki, Nore  ",10260,M ,1,Single,0,0,12/21/74,MA,2148,US Citizen,White,01/05/2009,7/30/2018,relocation out of area,Voluntarily Terminated,3,Production       ,5,46428,19,Production Technician I,Michael Albert,22,Google Search,02/05/2018,Fully Meets,3,4.6,5,0,0,7
"Sloan, Constance",10095,F,0,Single,0,0,11/25/87,MA,1851,US Citizen,White,10/26/2009,04/08/2015,maternity leave - did not return,Voluntarily Terminated,3,Production       ,5,63878,20,Production Technician II,Michael Albert,22,CareerBuilder,04/02/2015,Fully Meets,3,4.68,4,0,0,20
"Theamstern, Sophia",10141,F,0,Single,0,0,05/09/1965,MA,2066,US Citizen,White,07/05/2011,09/05/2016,return to school,Voluntarily Terminated,3,Production       ,5,48413,19,Production Technician I,Amy Dunn,11,Indeed,03/02/2016,Fully Meets,3,3.98,4,0,0,1
"Trzeciak, Cybil",10270,F,0,Single,0,0,03/15/85,MA,1778,US Citizen,White,01/10/2011,07/02/2014,unhappy,Voluntarily Terminated,3,Production       ,5,74813,20,Production Technician II,Amy Dunn,11,LinkedIn,01/05/2014,Fully Meets,3,4.4,3,0,0,5
"Wallace, Theresa",10293,F,0,Single,0,0,08/02/1980,MA,1887,US Citizen,White,8/13/2012,09/01/2015,career change,Voluntarily Terminated,3,Production       ,5,50274,19,Production Technician I,Elijiah Gray,16,CareerBuilder,09/05/2014,Needs Improvement,2,2.5,3,0,6,13
"Whittier, Scott",10072,M ,1,Single,0,0,05/24/87,MA,2030,US Citizen,Hispanic,01/10/2011,5/15/2014,hours,Voluntarily Terminated,3,Production       ,5,58371,19,Production Technician I,Webster Butler,39,LinkedIn,5/15/2014,Fully Meets,3,5,5,0,0,11
"Winthrop, Jordan  ",10033,M ,1,Single,0,0,11/07/1958,MA,2045,US Citizen,White,01/07/2013,2/21/2016,retiring,Voluntarily Terminated,3,Production       ,5,70507,20,Production Technician II,Brannon Miller,12,LinkedIn,1/19/2016,Exceeds,4,5,3,0,0,7
"Immediato, Walter",10289,M ,1,Married,1,1,11/15/76,MA,2128,US Citizen,Asian,2/21/2011,9/24/2012,unhappy,Voluntarily Terminated,3,Production       ,5,83082,18,Production Manager,Janet King,2,Indeed,04/12/2012,Needs Improvement,2,2.34,2,0,3,4
"Oliver, Brooke ",10078,F,0,Married,1,1,02/11/1952,MA,2492,US Citizen,Asian,5/14/2012,8/19/2013,unhappy,Voluntarily Terminated,3,Production       ,5,71966,20,Production Technician II,Webster Butler,39,LinkedIn,07/02/2013,Fully Meets,3,5,3,0,0,17
"Pelletier, Ermine",10297,F,0,Married,1,1,07/18/89,MA,2472,US Citizen,Asian,07/05/2011,9/15/2015,unhappy,Voluntarily Terminated,3,Production       ,5,60270,20,Production Technician II,Amy Dunn,11,CareerBuilder,02/06/2015,Needs Improvement,2,2.4,5,0,5,2
"Pham, Hong",10050,M ,1,Married,1,1,03/06/1988,MA,2451,US Citizen,Asian,07/05/2011,11/30/2012,more money,Voluntarily Terminated,3,Production       ,5,64724,19,Production Technician I,Brannon Miller,12,Google Search,2/20/2012,Fully Meets,3,5,3,0,0,13
"Baczenski, Rachael  ",10252,F,0,Married,1,1,01/12/1974,MA,1902,US Citizen,Hispanic,01/10/2011,01/12/2017,Another position,Voluntarily Terminated,3,Production       ,5,54670,19,Production Technician I,David Stanley,14,Diversity Job Fair,1/30/2016,Fully Meets,3,4.2,4,0,0,12
"Barbara, Thomas",10242,M ,1,Married,1,1,02/21/74,MA,2062,US Citizen,Hispanic,04/02/2012,9/19/2016,unhappy,Voluntarily Terminated,3,Production       ,5,47211,19,Production Technician I,Kissy Sullivan,20,Diversity Job Fair,05/06/2016,Fully Meets,3,4.2,3,0,0,15
"Bunbury, Jessica",10188,F,0,Married,1,1,06/01/1964,VA,21851,Eligible NonCitizen,Black or African American,8/15/2011,08/02/2014,Another position,Voluntarily Terminated,3,Sales,6,74326,3,Area Sales Manager,John Smith,17,Google Search,02/10/2013,Fully Meets,3,3.14,5,0,1,19
"Gilles, Alex",10283,M ,1,Married,1,1,08/09/1974,MA,2062,US Citizen,Black or African American,04/02/2012,6/25/2015,military,Voluntarily Terminated,3,Production       ,5,54933,19,Production Technician I,Webster Butler,39,Diversity Job Fair,1/20/2015,Needs Improvement,2,3.97,4,0,3,15
"Gonzalez, Juan",10300,M ,1,Married,1,1,10/12/1964,MA,2128,US Citizen,Black or African American,4/26/2010,5/30/2011,career change,Voluntarily Terminated,3,Production       ,5,68898,20,Production Technician II,Brannon Miller,12,Diversity Job Fair,03/06/2011,PIP,1,3,3,0,3,10
"Jung, Judy  ",10138,F,0,Married,1,1,04/17/86,MA,2446,US Citizen,Black or African American,01/10/2011,04/01/2016,unhappy,Voluntarily Terminated,3,Production       ,5,61154,19,Production Technician I,Elijiah Gray,16,CareerBuilder,02/03/2016,Fully Meets,3,4,4,0,0,4
"Quinn, Sean",10131,M ,1,Married,1,1,11/06/1984,MA,2045,Eligible NonCitizen,Black or African American,2/21/2011,8/15/2015,career change,Voluntarily Terminated,3,Software Engineering,1,83363,23,Software Engineer,Janet King,2,Diversity Job Fair,4/19/2014,Fully Meets,3,4.15,4,0,0,4
"Robinson, Alain  ",10047,M ,1,Married,1,1,01/07/1974,MA,1420,US Citizen,Black or African American,01/10/2011,1/26/2016,attendance,Voluntarily Terminated,3,Production       ,5,50428,19,Production Technician I,Amy Dunn,11,Indeed,01/10/2015,Fully Meets,3,5,3,0,0,11
"Smith, Leigh Ann",10153,F,0,Married,1,1,06/14/87,MA,1844,US Citizen,Black or African American,9/26/2011,9/25/2013,career change,Voluntarily Terminated,3,Admin Offices,1,55000,2,Administrative Assistant,Brandon R. LeBlanc,1,Diversity Job Fair,8/15/2013,Fully Meets,3,3.8,4,4,0,17
"Tavares, Desiree  ",10221,F,0,Married,1,1,04/03/1975,MA,1801,Non-Citizen,Black or African American,4/27/2009,04/01/2013,Another position,Voluntarily Terminated,3,Production       ,5,60754,19,Production Technician I,Webster Butler,39,Diversity Job Fair,2/15/2012,Fully Meets,3,4.5,5,0,0,11
"Wallace, Courtney  E",10274,F,0,Married,1,1,11/14/55,MA,2478,US Citizen,Black or African American,9/26/2011,01/02/2012,Another position,Voluntarily Terminated,3,Production       ,5,80512,18,Production Manager,Janet King,2,Diversity Job Fair,01/02/2012,Fully Meets,3,4.5,3,0,0,5
"Mancuso, Karen",10073,F,0,Married,1,1,12/10/1986,MA,2176,US Citizen,Two or more races,07/05/2011,8/19/2012,Another position,Voluntarily Terminated,3,Production       ,5,68407,20,Production Technician II,Amy Dunn,11,LinkedIn,07/02/2012,Fully Meets,3,5,4,0,0,16
"Ait Sidi, Karthikeyan   ",10084,M ,1,Married,1,1,05/05/1975,MA,2148,US Citizen,White,3/30/2015,6/16/2016,career change,Voluntarily Terminated,3,IT/IS,3,104437,27,Sr. DBA,Simon Roup,4,Indeed,2/24/2016,Fully Meets,3,4.96,3,6,0,17
"Akinkuolie, Sarah",10196,F,0,Married,1,1,09/19/88,MA,1810,US Citizen,White,07/05/2011,9/24/2012,hours,Voluntarily Terminated,3,Production       ,5,64955,20,Production Technician II,Kissy Sullivan,20,LinkedIn,5/15/2012,Fully Meets,3,3.02,3,0,0,3
"Brill, Donna",10177,F,0,Married,1,1,08/24/90,MA,1701,US Citizen,White,04/02/2012,6/15/2013,Another position,Voluntarily Terminated,3,Production       ,5,53492,19,Production Technician I,David Stanley,14,Google Search,03/04/2013,Fully Meets,3,3.35,4,0,0,6
"Cloninger, Jennifer",10275,F,0,Married,1,1,08/31/81,MA,1752,US Citizen,White,5/16/2011,01/07/2013,unhappy,Voluntarily Terminated,3,Production       ,5,64066,20,Production Technician II,Brannon Miller,12,Google Search,05/03/2012,Fully Meets,3,4.2,5,0,0,9
"Close, Phil",10269,M ,1,Married,1,1,11/25/78,MA,2169,US Citizen,White,8/30/2010,9/26/2011,career change,Voluntarily Terminated,3,Production       ,5,59369,20,Production Technician II,David Stanley,14,Indeed,05/04/2011,Fully Meets,3,4.2,4,0,0,6
"DeGweck,  James",10070,M ,1,Married,1,1,10/31/77,MA,1810,US Citizen,White,5/16/2011,06/08/2016,unhappy,Voluntarily Terminated,3,Production       ,5,55722,19,Production Technician I,Webster Butler,39,Indeed,04/02/2016,Fully Meets,3,5,4,0,0,14
"Eaton, Marianne",10064,F,0,Married,1,1,09/05/1991,MA,2343,US Citizen,White,04/04/2011,06/06/2017,military,Voluntarily Terminated,3,Production       ,5,60070,19,Production Technician I,Kissy Sullivan,20,Google Search,04/09/2017,Fully Meets,3,5,3,0,0,7
"Ferguson, Susan",10189,F,0,Married,1,1,04/14/55,MA,2176,US Citizen,White,11/07/2011,5/17/2016,military,Voluntarily Terminated,3,Production       ,5,57748,19,Production Technician I,Webster Butler,39,Google Search,02/04/2016,Fully Meets,3,3.13,3,0,0,16
"Foreman, Tanya",10163,F,0,Married,1,1,11/08/1983,MA,2170,US Citizen,White,04/04/2011,01/09/2013,career change,Voluntarily Terminated,3,Production       ,5,55965,20,Production Technician II,Ketsia Liebig,19,Google Search,01/07/2012,Fully Meets,3,3.66,3,0,0,6
"Homberger, Adrienne  J",10195,F,0,Married,1,1,02/16/84,MA,2445,Non-Citizen,White,8/15/2011,04/07/2012,relocation out of area,Voluntarily Terminated,3,Production       ,5,63478,20,Production Technician II,Michael Albert,30,Indeed,03/05/2012,Fully Meets,3,3.03,5,0,0,16
"Johnson, George",10034,M ,1,Married,1,1,08/19/59,MA,2445,US Citizen,White,11/07/2011,4/29/2018,more money,Voluntarily Terminated,3,Production       ,5,46837,19,Production Technician I,Michael Albert,22,CareerBuilder,2/14/2018,Exceeds,4,4.7,4,0,0,9
"Kinsella, Kathleen  ",10166,F,0,Married,1,1,12/08/1973,MA,2170,US Citizen,White,9/26/2011,06/04/2015,more money,Voluntarily Terminated,3,Production       ,5,54005,19,Production Technician I,Webster Butler,39,Google Search,03/01/2015,Fully Meets,3,3.6,5,0,0,16
"Kirill, Alexandra  ",10170,F,0,Married,1,1,10/08/1970,MA,2127,US Citizen,White,9/26/2011,01/09/2014,more money,Voluntarily Terminated,3,Production       ,5,45433,19,Production Technician I,Amy Dunn,11,Google Search,1/30/2013,Fully Meets,3,3.49,4,0,0,6
"Latif, Mohammed",10249,M ,1,Married,1,1,05/09/1984,MA,2126,US Citizen,White,04/02/2012,4/15/2013,more money,Voluntarily Terminated,3,Production       ,5,61962,20,Production Technician II,Kissy Sullivan,20,Google Search,2/20/2013,Fully Meets,3,4.9,3,0,0,20
"Linares, Marilyn ",10186,F,0,Married,1,1,03/26/81,MA,1886,US Citizen,White,07/05/2011,9/26/2018,unhappy,Voluntarily Terminated,3,Production       ,5,52624,19,Production Technician I,Michael Albert,22,Indeed,03/02/2018,Fully Meets,3,3.18,4,0,0,16
"Ndzi, Horia",10185,M ,1,Married,1,1,03/28/83,MA,2421,US Citizen,White,04/01/2013,5/25/2016,more money,Voluntarily Terminated,3,Production       ,5,46664,19,Production Technician I,Amy Dunn,11,Employee Referral,03/06/2016,Fully Meets,3,3.18,3,0,0,10
"Panjwani, Nina",10148,F,0,Married,1,1,05/01/1979,MA,2351,US Citizen,White,02/07/2011,01/12/2014,Another position,Voluntarily Terminated,3,Production       ,5,63515,19,Production Technician I,Elijiah Gray,16,Google Search,03/04/2013,Fully Meets,3,3.89,4,0,0,7
"Pearson, Randall",10259,M ,1,Married,1,1,09/05/1984,MA,2747,US Citizen,White,12/01/2014,05/01/2016,performance,Voluntarily Terminated,3,IT/IS,3,93093,9,Data Analyst,Simon Roup,4,Employee Referral,1/16/2016,Fully Meets,3,4.7,4,5,0,19
"Peters, Lauren",10032,F,0,Married,1,1,08/17/86,MA,1886,US Citizen,White,5/16/2011,02/04/2013,more money,Voluntarily Terminated,3,Production       ,5,57954,20,Production Technician II,Ketsia Liebig,19,Indeed,01/10/2013,Exceeds,4,4.2,5,0,0,12
"Peterson, Ebonee  ",10130,F,0,Married,1,1,05/09/1977,MA,2030,US Citizen,White,10/25/2010,5/18/2016,Another position,Voluntarily Terminated,3,Production       ,5,74669,18,Production Manager,Janet King,2,Indeed,03/05/2015,Fully Meets,3,4.16,5,0,0,6
"Robertson, Peter",10224,M ,1,Married,1,1,07/03/1972,MA,2138,US Citizen,White,07/05/2011,02/08/2012,Another position,Voluntarily Terminated,3,Production       ,5,55578,20,Production Technician II,Kissy Sullivan,20,Indeed,01/06/2012,Fully Meets,3,4.2,5,0,0,13
"Tejeda, Lenora ",10146,F,0,Married,1,1,05/24/53,MA,2129,US Citizen,White,5/16/2011,07/08/2017,Another position,Voluntarily Terminated,3,Production       ,5,72202,20,Production Technician II,Elijiah Gray,16,Google Search,4/18/2017,Fully Meets,3,3.93,3,0,0,3
"Tredinnick, Neville ",10044,M ,1,Married,1,1,05/05/1988,MA,1420,US Citizen,White,01/05/2015,02/12/2016,medical issues,Voluntarily Terminated,3,IT/IS,3,75281,15,Network Engineer,Peter Monroe,7,CareerBuilder,4/15/2015,Fully Meets,3,5,3,5,0,11
"Wilber, Barry",10048,M ,1,Married,1,1,09/09/1965,MA,2324,Eligible NonCitizen,White,5/16/2011,09/07/2015,unhappy,Voluntarily Terminated,3,Production       ,5,55140,19,Production Technician I,Amy Dunn,11,Website,2/15/2015,Fully Meets,3,5,3,0,0,7
"Langford, Lindsey",10106,F,0,Divorced,0,2,07/25/79,MA,2090,US Citizen,Asian,01/07/2013,3/31/2014,Another position,Voluntarily Terminated,3,Production       ,5,66074,20,Production Technician II,David Stanley,14,Indeed,2/20/2014,Fully Meets,3,4.52,3,0,0,20
"Power, Morissa",10187,F,0,Divorced,0,2,10/15/84,MA,1742,Eligible NonCitizen,Asian,5/16/2011,06/04/2018,Another position,Voluntarily Terminated,3,Production       ,5,46799,19,Production Technician I,Kissy Sullivan,20,Google Search,04/02/2018,Fully Meets,3,3.17,4,0,0,14
"Gerke, Melisa",10122,F,0,Divorced,0,2,05/15/70,MA,2330,US Citizen,Black or African American,11/07/2011,11/15/2016,hours,Voluntarily Terminated,3,Production       ,5,51505,19,Production Technician I,Elijiah Gray,16,Diversity Job Fair,4/29/2016,Fully Meets,3,4.24,4,0,0,2
"Roberson, May",10230,F,0,Divorced,0,2,09/05/1981,MA,1902,Eligible NonCitizen,Black or African American,9/26/2011,10/22/2011,return to school,Voluntarily Terminated,3,Production       ,5,64971,20,Production Technician II,David Stanley,14,Google Search,10/22/2011,Fully Meets,3,4.5,4,0,0,10
"Ruiz, Ricardo",10222,M ,1,Divorced,0,2,01/04/1964,MA,1915,US Citizen,Black or African American,01/09/2012,11/04/2015,hours,Voluntarily Terminated,3,IT/IS,3,148999,13,IT Manager - DB,Jennifer Zamora,5,Diversity Job Fair,01/04/2015,Fully Meets,3,4.3,4,6,0,8
"Salter, Jason",10229,M ,1,Divorced,0,2,12/17/87,MA,2452,US Citizen,Black or African American,01/05/2015,10/31/2015,hours,Voluntarily Terminated,3,IT/IS,3,88527,9,Data Analyst ,Simon Roup,4,LinkedIn,4/20/2015,Fully Meets,3,4.2,3,5,0,2
"Anderson, Carol ",10069,F,0,Divorced,0,2,09/08/1989,MA,2169,US Citizen,White,07/11/2011,09/06/2016,return to school,Voluntarily Terminated,3,Production       ,5,50825,19,Production Technician I,Webster Butler,39,Google Search,02/01/2016,Fully Meets,3,5,4,0,0,2
"Barton, Nader",10066,M ,1,Divorced,0,2,07/15/77,MA,2747,US Citizen,White,9/24/2012,04/06/2017,Another position,Voluntarily Terminated,3,Production       ,5,52505,19,Production Technician I,Michael Albert,22,On-line Web application,03/02/2017,Fully Meets,3,5,5,0,0,1
"Gross, Paula",10059,F,0,Divorced,0,2,05/21/83,MA,2176,US Citizen,White,2/21/2011,01/11/2014,more money,Voluntarily Terminated,3,Production       ,5,63813,19,Production Technician I,Kelley Spirea,18,CareerBuilder,06/03/2013,Fully Meets,3,5,5,0,0,17
"Huynh, Ming",10160,F,0,Divorced,0,2,09/22/76,MA,1742,US Citizen,White,2/21/2011,04/01/2013,unhappy,Voluntarily Terminated,3,Production       ,5,68182,20,Production Technician II,Amy Dunn,11,Google Search,02/01/2013,Fully Meets,3,3.72,3,0,0,18
"Purinton, Janine",10262,F,0,Divorced,0,2,09/22/70,MA,2474,US Citizen,White,9/24/2012,6/18/2013,unhappy,Voluntarily Terminated,3,Production       ,5,46430,19,Production Technician I,Kissy Sullivan,20,Indeed,04/02/2013,Fully Meets,3,4.5,5,0,0,16
"Rarrick, Quinn",10152,M ,1,Divorced,0,2,12/31/84,MA,2478,US Citizen,White,9/26/2011,04/07/2018,more money,Voluntarily Terminated,3,Production       ,5,61729,19,Production Technician I,Michael Albert,22,Indeed,02/04/2018,Fully Meets,3,3.8,5,0,0,19
"Rhoads, Thomas",10058,M ,1,Divorced,0,2,07/22/82,MA,2176,US Citizen,Hispanic,5/16/2011,1/15/2016,retiring,Voluntarily Terminated,3,Production       ,5,45115,19,Production Technician I,Elijiah Gray,16,LinkedIn,3/30/2015,Fully Meets,3,5,4,0,0,11
"Squatrito, Kristen",10030,F,0,Divorced,0,2,03/26/73,MA,2359,US Citizen,White,5/13/2013,6/29/2015,unhappy,Voluntarily Terminated,3,Production       ,5,62425,19,Production Technician I,David Stanley,14,LinkedIn,03/02/2015,Exceeds,4,4.1,4,0,0,16
"Veera, Abdellah ",10014,M ,1,Divorced,0,2,01/31/87,MA,2171,US Citizen,White,8/13/2012,02/05/2016,maternity leave - did not return,Voluntarily Terminated,3,Production       ,5,58523,19,Production Technician I,Kissy Sullivan,20,LinkedIn,02/01/2016,Exceeds,4,4.5,5,0,0,15
"Wilkes, Annie",10204,F,0,Divorced,0,2,07/30/83,MA,1876,US Citizen,White,01/10/2011,5/14/2012,Another position,Voluntarily Terminated,3,Production       ,5,58062,19,Production Technician I,Ketsia Liebig,19,Google Search,02/06/2011,Fully Meets,3,3.6,5,0,0,9
"Demita, Carla",10100,F,0,Separated,0,3,02/25/51,MA,2343,US Citizen,Black or African American,04/04/2011,11/04/2015,more money,Voluntarily Terminated,3,Production       ,5,58275,20,Production Technician II,Kelley Spirea,18,Google Search,05/06/2015,Fully Meets,3,4.62,5,0,0,1
"Lundy, Susan",10096,F,0,Widowed,0,4,12/26/76,MA,2122,US Citizen,White,07/08/2013,9/15/2016,more money,Voluntarily Terminated,3,Production       ,5,67237,20,Production Technician II,Michael Albert,22,LinkedIn,06/10/2016,Fully Meets,3,4.65,4,0,0,15
"MacLennan, Samuel",10191,M ,1,Widowed,0,4,11/09/1972,MA,1938,US Citizen,White,9/24/2012,9/26/2017,hours,Voluntarily Terminated,3,Production       ,5,52788,19,Production Technician I,Amy Dunn,11,Indeed,04/01/2017,Fully Meets,3,3.08,4,0,0,18
"Thibaud, Kenneth",10268,M ,1,Widowed,0,4,09/16/75,MA,2472,US Citizen,White,6/25/2007,8/30/2010,military,Voluntarily Terminated,3,Production       ,5,67176,20,Production Technician II,Webster Butler,39,Other,7/14/2010,Fully Meets,3,4.1,4,0,0,15
